[Info] [carb] Logging to file: /home/arika/nvida_isacc/kit/logs/Kit/Isaac-Sim Python/5.0/kit_20260310_220101.log
2026-03-11T03:01:01Z [2ms] [Warning] [carb.crashreporter-breakpad.plugin] [previous crash] preventing upload of minidump due to user opt-out: '/home/arika/nvida_isacc/kit/data/Kit/Isaac-Sim Python/5.0/c2c3cf29-f253-42cb-70c073bd-1924779a.dmp'
2026-03-11T03:01:01Z [9ms] [Warning] [carb.crashreporter-breakpad.plugin] [previous crash] preventing upload of minidump due to user opt-out: '/home/arika/nvida_isacc/kit/data/Kit/Isaac-Sim Python/5.0/088877f3-6928-4075-9a0ff3b2-715baaf4.dmp'
2026-03-11T03:01:01Z [12ms] [Warning] [carb.crashreporter-breakpad.plugin] [previous crash] preventing upload of minidump due to user opt-out: '/home/arika/nvida_isacc/kit/data/Kit/Isaac-Sim Python/5.0/8076e350-59bb-4976-524070b9-487ecf15.dmp'
2026-03-11T03:01:01Z [24ms] [Warning] [carb.crashreporter-breakpad.plugin] [previous crash] preventing upload of minidump due to user opt-out: '/home/arika/nvida_isacc/kit/data/Kit/Isaac-Sim Python/5.0/151c4d18-7f16-4496-f60917be-f5921985.dmp'
2026-03-11T03:01:01Z [24ms] [Warning] [carb.crashreporter-breakpad.plugin] [previous crash] preventing upload of minidump due to user opt-out: '/home/arika/nvida_isacc/kit/data/Kit/Isaac-Sim Python/5.0/a9148af4-0ae0-4451-0db08286-413596f2.dmp'
2026-03-11T03:01:01Z [24ms] [Warning] [carb.crashreporter-breakpad.plugin] [previous crash] preventing upload of minidump due to user opt-out: '/home/arika/nvida_isacc/kit/data/Kit/Isaac-Sim Python/5.0/19ef20ec-4a0e-4374-d905569c-3c20c299.dmp'
2026-03-11T03:01:01Z [24ms] [Warning] [carb.crashreporter-breakpad.plugin] [previous crash] preventing upload of minidump due to user opt-out: '/home/arika/nvida_isacc/kit/data/Kit/Isaac-Sim Python/5.0/5b29aa4e-49a4-44fa-84a4399f-fb2e4866.dmp'
2026-03-11T03:01:01Z [24ms] [Warning] [carb.crashreporter-breakpad.plugin] [previous crash] preventing upload of minidump due to user opt-out: '/home/arika/nvida_isacc/kit/data/Kit/Isaac-Sim Python/5.0/b6d8c21a-b16c-4ff8-bc1cc9b7-307b88bd.dmp'
2026-03-11T03:01:01Z [25ms] [Warning] [carb.crashreporter-breakpad.plugin] [previous crash] preventing upload of minidump due to user opt-out: '/home/arika/nvida_isacc/kit/data/Kit/Isaac-Sim Python/5.0/f9648a9f-cb95-474e-e9b30d90-74d70f53.dmp'
2026-03-11T03:01:01Z [25ms] [Warning] [carb.crashreporter-breakpad.plugin] [previous crash] preventing upload of minidump due to user opt-out: '/home/arika/nvida_isacc/kit/data/Kit/Isaac-Sim Python/5.0/c74eddd6-0ed9-4374-7164a4a2-6dd69397.dmp'
2026-03-11T03:01:01Z [25ms] [Warning] [carb.crashreporter-breakpad.plugin] [previous crash] preventing upload of minidump due to user opt-out: '/home/arika/nvida_isacc/kit/data/Kit/Isaac-Sim Python/5.0/923cc59d-47fe-4642-fe39b989-47f23a2a.dmp'
2026-03-11T03:01:01Z [29ms] [Warning] [carb.crashreporter-breakpad.plugin] [previous crash] preventing upload of minidump due to user opt-out: '/home/arika/nvida_isacc/kit/data/Kit/Isaac-Sim Python/5.0/6ccc523c-a8b4-4eb6-1f7f8ea2-c8f31ced.dmp'
2026-03-11T03:01:01Z [30ms] [Warning] [carb.crashreporter-breakpad.plugin] [previous crash] preventing upload of minidump due to user opt-out: '/home/arika/nvida_isacc/kit/data/Kit/Isaac-Sim Python/5.0/90b45e26-87f9-4ccb-1c198a8b-3f9be2a2.dmp'
2026-03-11T03:01:01Z [30ms] [Warning] [carb.crashreporter-breakpad.plugin] [previous crash] preventing upload of minidump due to user opt-out: '/home/arika/nvida_isacc/kit/data/Kit/Isaac-Sim Python/5.0/287b24bc-b55b-4e37-6fe42ba1-dad5014d.dmp'
2026-03-11T03:01:01Z [30ms] [Warning] [carb.crashreporter-breakpad.plugin] [previous crash] preventing upload of minidump due to user opt-out: '/home/arika/nvida_isacc/kit/data/Kit/Isaac-Sim Python/5.0/d8ae2a05-581a-4e86-9e2c2fac-6cfe9ee4.dmp'
2026-03-11T03:01:01Z [30ms] [Warning] [carb.crashreporter-breakpad.plugin] [previous crash] preventing upload of minidump due to user opt-out: '/home/arika/nvida_isacc/kit/data/Kit/Isaac-Sim Python/5.0/943c6306-7cd0-4b92-9a8ba1b2-432d70aa.dmp'
2026-03-11T03:01:01Z [51ms] [Warning] [carb.crashreporter-breakpad.plugin] [previous crash] preventing upload of minidump due to user opt-out: '/home/arika/nvida_isacc/kit/data/Kit/Isaac-Sim Python/5.0/339d478b-0af4-495f-c8e22d8d-1b3d917f.dmp'
2026-03-11T03:01:01Z [52ms] [Warning] [carb.crashreporter-breakpad.plugin] [previous crash] preventing upload of minidump due to user opt-out: '/home/arika/nvida_isacc/kit/data/Kit/Isaac-Sim Python/5.0/e317c6fc-ab3f-4c04-c11b3b9e-eb4a52c9.dmp'
2026-03-11T03:01:01Z [52ms] [Warning] [carb.crashreporter-breakpad.plugin] [previous crash] preventing upload of minidump due to user opt-out: '/home/arika/nvida_isacc/kit/data/Kit/Isaac-Sim Python/5.0/348ca6a5-78a3-49b1-da654fb7-113994c8.dmp'
2026-03-11T03:01:01Z [52ms] [Warning] [carb.crashreporter-breakpad.plugin] [previous crash] preventing upload of minidump due to user opt-out: '/home/arika/nvida_isacc/kit/data/Kit/Isaac-Sim Python/5.0/f436e8f3-df78-4af6-ef9e27bc-8588d602.dmp'
2026-03-11T03:01:01Z [52ms] [Warning] [carb.crashreporter-breakpad.plugin] [previous crash] preventing upload of minidump due to user opt-out: '/home/arika/nvida_isacc/kit/data/Kit/Isaac-Sim Python/5.0/3f7aa08c-3d25-4f2b-e3458ca6-0ff502ac.dmp'
2026-03-11T03:01:01Z [53ms] [Warning] [carb.crashreporter-breakpad.plugin] [previous crash] preventing upload of minidump due to user opt-out: '/home/arika/nvida_isacc/kit/data/Kit/Isaac-Sim Python/5.0/97e8243e-cd3b-42c2-4de47695-61dea005.dmp'
2026-03-11T03:01:01Z [53ms] [Warning] [carb.crashreporter-breakpad.plugin] [previous crash] preventing upload of minidump due to user opt-out: '/home/arika/nvida_isacc/kit/data/Kit/Isaac-Sim Python/5.0/9d22e840-11c3-4cb3-979318a2-2ea24823.dmp'
2026-03-11T03:01:01Z [53ms] [Warning] [carb.crashreporter-breakpad.plugin] [previous crash] preventing upload of minidump due to user opt-out: '/home/arika/nvida_isacc/kit/data/Kit/Isaac-Sim Python/5.0/3b150c5b-6755-49c3-a96701a1-05351772.dmp'
2026-03-11T03:01:01Z [53ms] [Warning] [carb.crashreporter-breakpad.plugin] [previous crash] preventing upload of minidump due to user opt-out: '/home/arika/nvida_isacc/kit/data/Kit/Isaac-Sim Python/5.0/8235ef99-6e2e-4be2-75ffa2ab-357e9f1d.dmp'
2026-03-11T03:01:01Z [53ms] [Warning] [carb.crashreporter-breakpad.plugin] [previous crash] preventing upload of minidump due to user opt-out: '/home/arika/nvida_isacc/kit/data/Kit/Isaac-Sim Python/5.0/800a1a76-f60e-4201-1266f2ba-6e90eb1b.dmp'
2026-03-11T03:01:01Z [54ms] [Warning] [carb.crashreporter-breakpad.plugin] [previous crash] preventing upload of minidump due to user opt-out: '/home/arika/nvida_isacc/kit/data/Kit/Isaac-Sim Python/5.0/78a35b6b-1106-492c-fb564995-bef5bc2d.dmp'
2026-03-11T03:01:01Z [54ms] [Warning] [carb.crashreporter-breakpad.plugin] [previous crash] preventing upload of minidump due to user opt-out: '/home/arika/nvida_isacc/kit/data/Kit/Isaac-Sim Python/5.0/444292e3-b0a7-460a-a90974a8-53f75455.dmp'
2026-03-11T03:01:01Z [54ms] [Warning] [carb.crashreporter-breakpad.plugin] [previous crash] preventing upload of minidump due to user opt-out: '/home/arika/nvida_isacc/kit/data/Kit/Isaac-Sim Python/5.0/458bce17-f844-4a7b-a92a9390-dfb54243.dmp'
2026-03-11T03:01:01Z [55ms] [Warning] [carb.crashreporter-breakpad.plugin] [previous crash] preventing upload of minidump due to user opt-out: '/home/arika/nvida_isacc/kit/data/Kit/Isaac-Sim Python/5.0/ba731493-9a21-4cca-e05a748e-99aa2286.dmp'
2026-03-11T03:01:01Z [57ms] [Warning] [carb.crashreporter-breakpad.plugin] [previous crash] preventing upload of minidump due to user opt-out: '/home/arika/nvida_isacc/kit/data/Kit/Isaac-Sim Python/5.0/f1433ad7-b7f6-46af-43506297-bda234be.dmp'
2026-03-11T03:01:01Z [58ms] [Warning] [carb.crashreporter-breakpad.plugin] [previous crash] preventing upload of minidump due to user opt-out: '/home/arika/nvida_isacc/kit/data/Kit/Isaac-Sim Python/5.0/824919c2-da8d-448a-ba9b57b8-cfe00144.dmp'
2026-03-11T03:01:01Z [58ms] [Warning] [carb.crashreporter-breakpad.plugin] [previous crash] preventing upload of minidump due to user opt-out: '/home/arika/nvida_isacc/kit/data/Kit/Isaac-Sim Python/5.0/38f6d442-c761-43a7-180dcda6-e0e455cb.dmp'
2026-03-11T03:01:01Z [58ms] [Warning] [carb.crashreporter-breakpad.plugin] [previous crash] preventing upload of minidump due to user opt-out: '/home/arika/nvida_isacc/kit/data/Kit/Isaac-Sim Python/5.0/efca02d7-41f6-4ce2-8d6329b0-4ad2c2cf.dmp'
2026-03-11T03:01:01Z [59ms] [Warning] [carb.crashreporter-breakpad.plugin] [previous crash] preventing upload of minidump due to user opt-out: '/home/arika/nvida_isacc/kit/data/Kit/Isaac-Sim Python/5.0/39db3a29-018d-4c21-4d5ff181-2aa9dc0f.dmp'
2026-03-11T03:01:01Z [59ms] [Warning] [carb.crashreporter-breakpad.plugin] [previous crash] preventing upload of minidump due to user opt-out: '/home/arika/nvida_isacc/kit/data/Kit/Isaac-Sim Python/5.0/54067554-997b-4881-d31ab285-37cb9569.dmp'
2026-03-11T03:01:01Z [59ms] [Warning] [carb.crashreporter-breakpad.plugin] [previous crash] preventing upload of minidump due to user opt-out: '/home/arika/nvida_isacc/kit/data/Kit/Isaac-Sim Python/5.0/67277cc5-6e47-42d6-c8c863be-5c03d26c.dmp'
2026-03-11T03:01:01Z [60ms] [Warning] [carb.crashreporter-breakpad.plugin] [previous crash] preventing upload of minidump due to user opt-out: '/home/arika/nvida_isacc/kit/data/Kit/Isaac-Sim Python/5.0/0ea7246a-34ac-48ee-e9145c90-79d3997a.dmp'
2026-03-11T03:01:01Z [65ms] [Warning] [carb.crashreporter-breakpad.plugin] [previous crash] preventing upload of minidump due to user opt-out: '/home/arika/nvida_isacc/kit/data/Kit/Isaac-Sim Python/5.0/29928ed8-5341-461c-d5fb86bb-b74a3b89.dmp'
2026-03-11T03:01:01Z [65ms] [Warning] [carb.crashreporter-breakpad.plugin] [previous crash] preventing upload of minidump due to user opt-out: '/home/arika/nvida_isacc/kit/data/Kit/Isaac-Sim Python/5.0/1753ec8f-9544-4bd9-a64550b3-92a404cc.dmp'
2026-03-11T03:01:01Z [65ms] [Warning] [carb.crashreporter-breakpad.plugin] [previous crash] preventing upload of minidump due to user opt-out: '/home/arika/nvida_isacc/kit/data/Kit/Isaac-Sim Python/5.0/cf1db611-a2b7-45f4-a48633a2-b4a36f55.dmp'
2026-03-11T03:01:01Z [65ms] [Warning] [carb.crashreporter-breakpad.plugin] [previous crash] preventing upload of minidump due to user opt-out: '/home/arika/nvida_isacc/kit/data/Kit/Isaac-Sim Python/5.0/60b7bcfa-b68f-4e35-2bfa3982-8c301a22.dmp'
2026-03-11T03:01:01Z [65ms] [Warning] [carb.crashreporter-breakpad.plugin] [previous crash] preventing upload of minidump due to user opt-out: '/home/arika/nvida_isacc/kit/data/Kit/Isaac-Sim Python/5.0/a9f3b37a-d227-47b9-22937387-42c75056.dmp'
2026-03-11T03:01:01Z [66ms] [Warning] [carb.crashreporter-breakpad.plugin] [previous crash] preventing upload of minidump due to user opt-out: '/home/arika/nvida_isacc/kit/data/Kit/Isaac-Sim Python/5.0/30cd0df9-67d0-40fc-dd9467a5-6764a530.dmp'
2026-03-11T03:01:01Z [66ms] [Warning] [carb.crashreporter-breakpad.plugin] [previous crash] preventing upload of minidump due to user opt-out: '/home/arika/nvida_isacc/kit/data/Kit/Isaac-Sim Python/5.0/9fef3a20-cce6-449f-4f74c7b1-778ca6cf.dmp'
2026-03-11T03:01:01Z [66ms] [Warning] [carb.crashreporter-breakpad.plugin] [previous crash] preventing upload of minidump due to user opt-out: '/home/arika/nvida_isacc/kit/data/Kit/Isaac-Sim Python/5.0/5b6d2fef-c4c2-4144-3db33c83-e7e62a38.dmp'
2026-03-11T03:01:01Z [66ms] [Warning] [carb.crashreporter-breakpad.plugin] [previous crash] preventing upload of minidump due to user opt-out: '/home/arika/nvida_isacc/kit/data/Kit/Isaac-Sim Python/5.0/9b5393ef-baa8-4fd7-b798e5ab-2e3bca89.dmp'
[0.133s] [ext: omni.kit.async_engine-0.0.3] startup
[1.110s] [ext: omni.metrics.core-0.0.3] startup
[1.110s] [ext: omni.client.lib-1.1.0] startup
[1.137s] [ext: omni.blobkey-1.1.2] startup
[1.138s] [ext: omni.stats-1.0.1] startup
[1.140s] [ext: omni.datastore-0.0.0] startup
[1.150s] [ext: omni.client-1.3.0] startup
[1.211s] [ext: omni.ujitso.default-1.0.0] startup
[1.219s] [ext: omni.hsscclient-1.1.2] startup
[1.246s] [ext: omni.gpu_foundation.shadercache.vulkan-1.0.0] startup
[1.271s] [ext: omni.assets.plugins-0.0.0] startup
[1.276s] [ext: omni.gpu_foundation-0.0.0] startup
[1.380s] [ext: carb.windowing.plugins-1.0.0] startup
2026-03-11T03:01:03Z [1,723ms] [Warning] [carb.windowing-glfw.gamepad] Joystick with unknown remapping detected (will be ignored):  mouce-library-fake-mouse [030000006d6f7563652d6c6962726100]
2026-03-11T03:01:03Z [1,723ms] [Warning] [carb.windowing-glfw.gamepad] Joystick with unknown remapping detected (will be ignored):  Logitech G403 Prodigy Gaming Mouse Keyboard [030000006d04000083c0000011010000]
2026-03-11T03:01:03Z [1,724ms] [Warning] [carb.windowing-glfw.gamepad] Joystick with unknown remapping detected (will be ignored):  BY Tech Gaming Keyboard Consumer Control [030000008a2500005e01000011010000]
[1.761s] [ext: omni.kit.renderer.init-0.0.0] startup

|---------------------------------------------------------------------------------------------|
| Driver Version: 590.48.01     | Graphics API: Vulkan
|=============================================================================================|
| GPU | Name                             | Active | LDA | GPU Memory | Vendor-ID | LUID       |
|     |                                  |        |     |            | Device-ID | UUID       |
|     |                                  |        |     |            | Bus-ID    |            |
|---------------------------------------------------------------------------------------------|
| 0   | NVIDIA GeForce RTX 3060          | Yes: 0 |     | 12534   MB | 10de      | 0          |
|     |                                  |        |     |            | 2504      | edcadb21.. |
|     |                                  |        |     |            | 1         |            |
|=============================================================================================|
| OS: 24.04.4 LTS (Noble Numbat) ubuntu, Version: 24.04.4, Kernel: 6.17.0-14-generic
| XServer Vendor: The X.Org Foundation, XServer Version: 12302006 (1.23.2.6)
| Processor: 12th Gen Intel(R) Core(TM) i9-12900F
| Bare Metal Cores: 16 | Bare Metal Logical Cores: 32
| Available Cores:  24 
|---------------------------------------------------------------------------------------------|
| Total Memory (MB): 47955 | Free Memory: 13644
| Total Page/Swap (MB): 8191 | Free Page/Swap: 8191
|---------------------------------------------------------------------------------------------|
[3.621s] [ext: omni.kit.pipapi-0.0.0] startup
[3.624s] [ext: omni.kit.pip_archive-0.0.0] startup
[3.625s] [ext: omni.materialx.libs-1.0.7] startup
[3.640s] [ext: omni.pip.compute-1.6.2] startup
[3.640s] [ext: omni.usd.config-1.0.6] startup
[3.647s] [ext: omni.gpucompute.plugins-0.0.0] startup
[3.648s] [ext: omni.usd.libs-1.0.1] startup
[3.781s] [ext: omni.mdl-56.0.3] startup
[3.940s] [ext: omni.iray.libs-0.0.0] startup
[3.950s] [ext: omni.mdl.neuraylib-0.2.12] startup
[3.957s] [ext: omni.kit.usd.mdl-1.1.4] startup
[4.161s] [ext: omni.pip.cloud-1.3.6] startup
[4.170s] [ext: omni.isaac.core_archive-2.6.1] startup
[4.172s] [ext: omni.kit.telemetry-0.5.2] startup
[4.235s] [ext: omni.kit.loop-isaac-1.3.7] startup
[4.247s] [ext: omni.kit.test-2.0.1] startup
[4.430s] [ext: omni.isaac.ml_archive-3.0.2] startup
[4.431s] [ext: omni.appwindow-1.1.10] startup
[4.439s] [ext: omni.kit.renderer.core-1.1.0] startup
[5.036s] [ext: omni.kit.renderer.capture-0.0.0] startup
[5.075s] [ext: omni.kit.renderer.imgui-2.0.5] startup
[5.380s] [ext: omni.ui-2.26.18] startup
[5.399s] [ext: omni.kit.mainwindow-1.0.3] startup
[5.402s] [ext: carb.audio-0.1.0] startup
[5.406s] [ext: omni.uiaudio-1.0.0] startup
[5.409s] [ext: omni.kit.uiapp-0.0.0] startup
[5.409s] [ext: omni.usd.schema.metrics.assembler-107.3.1] startup
[5.415s] [ext: omni.usd.schema.anim-0.0.0] startup
[5.455s] [ext: omni.usd.schema.omnigraph-1.0.0] startup
[5.466s] [ext: omni.usd.schema.geospatial-0.0.0] startup
[5.472s] [ext: omni.anim.graph.schema-107.3.0] startup
[5.486s] [ext: omni.usd.schema.audio-0.0.0] startup
[5.495s] [ext: omni.usd.schema.semantics-0.0.0] startup
[5.500s] [ext: omni.usd_resolver-1.0.0] startup
[5.508s] [ext: usdrt.scenegraph-7.6.1] startup
[5.574s] [ext: omni.kit.actions.core-1.0.0] startup
[5.578s] [ext: omni.timeline-1.0.14] startup
[5.582s] [ext: omni.usd.core-1.5.3] startup
[5.585s] [ext: omni.resourcemonitor-107.0.1] startup
[5.589s] [ext: omni.activity.core-1.0.3] startup
[5.591s] [ext: omni.kit.audiodeviceenum-1.0.2] startup
[5.594s] [ext: omni.hydra.usdrt_delegate-7.5.1] startup
[5.603s] [ext: omni.graph.exec-0.9.6] startup
[5.603s] [ext: omni.kit.window.popup_dialog-2.0.24] startup
[5.610s] [ext: omni.kit.exec.core-0.13.4] startup
[5.615s] [ext: omni.kit.widget.nucleus_connector-2.0.1] startup
[5.619s] [ext: omni.kit.usd_undo-0.1.8] startup
[5.620s] [ext: omni.kit.commands-1.4.10] startup
[5.629s] [ext: omni.hydra.scene_delegate-0.3.4] startup
[5.635s] [ext: omni.usd-1.13.10] startup
2026-03-11T03:01:07Z [5,678ms] [Warning] [omni.usd.audio] failed to subscribe to stage events
[5.731s] [ext: omni.inspect-1.0.2] startup
[5.738s] [ext: omni.kit.notification_manager-1.0.10] startup
[5.742s] [ext: omni.graph.core-2.184.3] startup
[5.747s] [ext: isaacsim.core.deprecation_manager-0.2.7] startup
[5.749s] [ext: omni.usd.schema.omniscripting-1.0.0] startup
[5.761s] [ext: omni.usd.schema.isaac-3.0.5] startup
[5.761s] [ext: isaacsim.robot.schema-3.5.1] startup
[5.789s] [ext: omni.usd.schema.omni_sensors-0.0.0] startup
[5.792s] [ext: omni.usd.schema.omni_lens_distortion-0.0.0] startup
[5.793s] [ext: omni.anim.navigation.schema-107.3.0] startup
[5.800s] [ext: omni.usd.schema.physx-107.3.18] startup
[5.870s] [ext: omni.usd.schema.flow-107.1.1] startup
[5.872s] [ext: omni.usd.schema.render_settings.rtx-0.0.0] startup
[5.874s] [ext: omni.kit.asset_converter-4.1.4] startup
[5.898s] [ext: omni.convexdecomposition-107.3.18] startup
[5.905s] [ext: omni.graph.tools-1.79.2] startup
[5.972s] [ext: omni.physx.foundation-107.3.18] startup
[5.978s] [ext: omni.kvdb-107.3.18] startup
[5.988s] [ext: omni.graph.action_core-1.1.7] startup
[5.995s] [ext: omni.graph-1.141.2] startup
[6.088s] [ext: omni.usdphysics-107.3.18] startup
[6.093s] [ext: omni.localcache-107.3.18] startup
[6.099s] [ext: omni.kit.menu.core-1.1.2] startup
[6.102s] [ext: omni.kit.widget.path_field-2.0.11] startup
[6.107s] [ext: omni.kit.widget.options_menu-1.1.6] startup
[6.118s] [ext: omni.kit.widget.context_menu-1.2.5] startup
[6.123s] [ext: omni.kit.widget.browser_bar-2.0.10] startup
[6.125s] [ext: omni.kit.clipboard-1.0.5] startup
[6.130s] [ext: omni.kit.widget.options_button-1.0.3] startup
[6.134s] [ext: omni.kit.helper.file_utils-0.1.9] startup
[6.139s] [ext: omni.kit.usd.layers-2.2.10] startup
[6.167s] [ext: omni.kit.menu.utils-2.0.3] startup
[6.180s] [ext: omni.ui.scene-1.11.4] startup
[6.191s] [ext: omni.kit.widget.filebrowser-2.12.2] startup
[6.202s] [ext: omni.kit.stage_template.core-1.1.22] startup
[6.210s] [ext: omni.kit.primitive.mesh-1.0.17] startup
[6.222s] [ext: omni.kit.window.filepicker-2.13.3] startup
[6.253s] [ext: omni.kit.stage_templates-2.0.0] startup
[6.259s] [ext: omni.graph.action_nodes-1.50.4] startup
[6.273s] [ext: omni.physx.cooking-107.3.18] startup
[6.289s] [ext: omni.warp.core-1.7.1] startup
[6.705s] [ext: omni.usd.metrics.assembler-107.3.1] startup
[6.715s] [ext: omni.physx-107.3.18] startup
[6.732s] [ext: omni.physics-107.3.18] startup
[6.737s] [ext: isaacsim.core.experimental.utils-0.2.0] startup
[6.740s] [ext: omni.graph.action-1.130.0] startup
[6.740s] [ext: omni.kit.manipulator.viewport-107.0.1] startup
[6.747s] [ext: omni.physics.physx-107.3.18] startup
[6.754s] [ext: omni.physics.stageupdate-107.3.18] startup
[6.760s] [ext: omni.kit.numpy.common-0.1.2] startup
[6.766s] [ext: omni.kit.property.adapter.core-1.0.2] startup
[6.774s] [ext: isaacsim.test.docstring-1.1.0] startup
[6.787s] [ext: omni.isaac.dynamic_control-2.0.7] startup
2026-03-11T03:01:08Z [6,760ms] [Warning] [omni.isaac.dynamic_control] omni.isaac.dynamic_control is deprecated as of Isaac Sim 4.5. No action is needed from end-users.
[6.799s] [ext: omni.hydra.rtx.shadercache.vulkan-1.0.0] startup
[6.807s] [ext: omni.hydra.engine.stats-1.0.3] startup
[6.813s] [ext: omni.physics.tensors-107.3.18] startup
[6.825s] [ext: omni.index.libs-380600.5717.0] startup
[6.830s] [ext: omni.volume-0.5.2] startup
[6.845s] [ext: omni.ujitso.client-0.0.0] startup
[6.848s] [ext: omni.index-1.0.1] startup
[6.852s] [ext: omni.usd.metrics.assembler.physics-107.3.18] startup
[6.864s] [ext: omni.hydra.rtx-1.0.0] startup
2026-03-11T03:01:08Z [6,886ms] [Warning] [omni.log] Source: omni.hydra was already registered.
[6.980s] [ext: omni.kit.viewport.registry-104.0.6] startup
[6.986s] [ext: omni.kit.viewport.legacy_gizmos-1.0.18] startup
[7.000s] [ext: omni.kit.raycast.query-1.1.0] startup
[7.023s] [ext: omni.kit.context_menu-1.8.6] startup
[7.035s] [ext: omni.kit.viewport.scene_camera_model-1.0.6] startup
[7.051s] [ext: omni.kit.hydra_texture-1.4.5] startup
[7.072s] [ext: omni.kit.window.file_importer-1.1.18] startup
2026-03-11T03:01:08Z [7,040ms] [Warning] [carb.omniclient.plugin]  Main: provider_file: failed to initialize a new INotify instance.  Directory change notifications will be disabled.
[7.080s] [ext: isaacsim.core.version-2.0.6] startup
[7.094s] [ext: omni.kit.window.drop_support-1.0.5] startup
[7.101s] [ext: omni.kit.widget.viewport-107.1.3] startup
[7.116s] [ext: omni.kit.material.library-2.0.7] startup
[7.130s] [ext: isaacsim.storage.native-1.2.8] startup
[7.139s] [ext: omni.kit.viewport.window-107.0.12] startup
[7.185s] [ext: omni.physx.tensors-107.3.18] startup
[7.197s] [ext: isaacsim.core.utils-3.4.5] startup
[7.211s] [ext: omni.kit.viewport.utility-1.1.2] startup
[7.216s] [ext: omni.kit.menu.create-2.0.1] startup
[7.220s] [ext: isaacsim.core.simulation_manager-1.3.2] startup
[10.425s] [ext: omni.graph.visualization.nodes-2.1.3] startup
[10.444s] [ext: omni.kit.property.adapter.usd-1.0.2] startup
[10.452s] [ext: omni.kit.property.adapter.fabric-1.0.3] startup
[10.458s] [ext: omni.kit.widget.searchable_combobox-1.0.6] startup
[10.465s] [ext: omni.kit.usd.collect-2.4.5] startup
[10.485s] [ext: omni.kit.window.file_exporter-1.0.33] startup
[10.493s] [ext: omni.kit.hotkeys.core-1.3.10] startup
[10.502s] [ext: omni.kit.widget.highlight_label-1.0.3] startup
[10.506s] [ext: omni.kit.window.file-2.0.5] startup
[10.522s] [ext: omni.kit.widget.searchfield-1.1.8] startup
[10.530s] [ext: omni.kit.widget.filter-1.1.4] startup
[10.536s] [ext: omni.kit.window.content_browser_registry-0.0.6] startup
[10.541s] [ext: omni.kit.widget.stage_icons-1.0.8] startup
[10.551s] [ext: omni.kit.widget.stage-3.1.4] startup
[10.602s] [ext: omni.kit.window.property-1.12.1] startup
[10.616s] [ext: omni.kit.window.content_browser-3.1.1] startup
[10.652s] [ext: omni.kit.window.stage-2.6.1] startup
[10.661s] [ext: omni.kit.property.usd-4.5.11] startup
[10.690s] [ext: omni.ui_query-1.1.8] startup
[10.694s] [ext: omni.kit.widget.prompt-1.0.7] startup
[10.700s] [ext: omni.kit.ui_test-1.3.6] startup
[10.704s] [ext: omni.kit.tool.collect-2.2.18] startup
[10.710s] [ext: omni.kit.scripting-107.3.1] startup
[10.729s] [ext: isaacsim.core.experimental.prims-0.6.2] startup
[10.792s] [ext: omni.kit.widget.zoombar-1.0.6] startup
[10.794s] [ext: omni.kit.window.extensions-1.4.26] startup
[10.813s] [ext: isaacsim.replicator.behavior-1.1.14] startup
[10.819s] [ext: isaacsim.core.experimental.objects-0.2.4] startup
[10.829s] [ext: omni.kit.browser.core-2.3.13] startup
[10.842s] [ext: omni.kit.usdz_export-1.0.9] startup
[10.851s] [ext: omni.kit.menu.stage-1.2.7] startup
[10.854s] [ext: omni.kit.browser.folder.core-1.10.9] startup
[10.875s] [ext: omni.kit.tool.asset_importer-4.3.2] startup
[10.887s] [ext: isaacsim.gui.components-1.1.9] startup
[10.899s] [ext: isaacsim.examples.browser-0.1.12] startup
[10.921s] [ext: isaacsim.asset.importer.urdf-2.4.19] startup
[11.134s] [ext: isaacsim.simulation_app-2.9.2] startup
[11.141s] [ext: omni.graph.ui_nodes-1.50.5] startup
[11.167s] [ext: omni.isaac.kit-2.0.6] startup
2026-03-11T03:01:12Z [11,131ms] [Warning] [omni.isaac.kit] omni.isaac.kit has been deprecated in favor of isaacsim.simulation_app. Please update your code accordingly.
[11.168s] [ext: omni.kit.widget.graph-2.0.0] startup
[11.245s] [ext: omni.graph.image.core-0.6.1] startup
[11.250s] [ext: omni.kit.widget.settings-1.2.3] startup
[11.287s] [ext: omni.kit.graph.delegate.default-1.2.2] startup
[11.294s] [ext: omni.graph.image.nodes-1.3.1] startup
[11.301s] [ext: omni.kit.window.preferences-1.8.0] startup
[11.334s] [ext: omni.kit.graph.editor.core-1.5.3] startup
[11.342s] [ext: omni.kit.graph.usd.commands-1.3.1] startup
[11.344s] [ext: omni.graph.nodes-1.170.10] startup
[11.378s] [ext: omni.kit.viewport.menubar.core-107.1.5] startup
[11.412s] [ext: omni.kit.widget.material_preview-1.0.16Warp CUDA error: Failed to get driver entry point 'cuDeviceGetUuid' (CUDA error 1)
Warp CUDA error: Function cuDeviceGetUuid_f: a suitable driver entry point was not found
Warp CUDA error 36: API call is not supported in the installed CUDA driver (in function cuda_init, /builds/omniverse/warp/warp/native/warp.cu:277)
] startup
[11.419s] [ext: omni.videoencoding-0.1.2] startup
[11.425s] [ext: isaacsim.core.prims-0.5.1] startup
[11.462s] [ext: omni.warp-1.7.1] startup
[11.480s] [ext: omni.syntheticdata-0.6.13] startup
[11.580s] [ext: omni.kit.window.material_graph-1.8.23] startup
[11.756s] [ext: omni.graph.scriptnode-1.50.0] startup
[11.759s] [ext: isaacsim.core.api-4.6.10] startup
[11.873s] [ext: omni.replicator.core-1.12.16] startup
2026-03-11T03:01:13Z [11,870ms] [Warning] [pxr.Semantics] pxr.Semantics is deprecated - please use Semantics instead
2026-03-11T03:01:14Z [12,145ms] [Warning] [omni.replicator.core.scripts.extension] No material configuration file, adding configuration to material settings directly.
[12.189s] [ext: isaacsim.robot_motion.lula-4.0.8] startup
[12.216s] [ext: isaacsim.robot.surface_gripper-3.2.6] startup
[12.231s] [ext: isaacsim.core.nodes-3.2.16] startup
[12.283s] [ext: isaacsim.robot_motion.motion_generation-8.0.25] startup
[12.349s] [ext: isaacsim.robot.manipulators-3.3.5] startup
[12.372s] [ext: omni.isaac.core_nodes-2.0.6] startup
2026-03-11T03:01:14Z [12,337ms] [Warning] [omni.isaac.core_nodes] omni.isaac.core_nodes has been deprecated in favor of isaacsim.core.nodes. Please update your code accordingly.
[12.383s] [ext: isaacsim.robot.manipulators.examples-1.0.17] startup
[12.406s] [ext: omni.kit.property.audio-1.0.16] startup
[12.438s] [ext: isaacsim.cortex.framework-1.0.12] startup
[12.439s] [ext: omni.kit.property.camera-1.0.10] startup
[12.497s] [ext: omni.hydra.scene_api-0.1.2] startup
[12.550s] [ext: omni.kit.property.geometry-2.0.4] startup
[12.568s] [ext: omni.kit.property.light-1.0.12] startup
[12.654s] [ext: isaacsim.cortex.behaviors-2.0.12] startup
[12.655s] [ext: omni.kit.property.material-1.11.9] startup
[12.694s] [ext: omni.kit.property.transform-1.5.12] startup
[12.711s] [ext: omni.kit.property.render-1.2.1] startup
[12.713s] [ext: omni.isaac.cortex-1.0.5] startup
2026-03-11T03:01:14Z [12,676ms] [Warning] [omni.isaac.cortex] omni.isaac.cortex has been deprecated in favor of isaacsim.cortex.framework. Please update your code accordingly.
[12.714s] [ext: omni.isaac.cortex.sample_behaviors-2.0.5] startup
2026-03-11T03:01:14Z [12,677ms] [Warning] [omni.isaac.cortex.sample_behaviors] omni.isaac.cortex.sample_behaviors has been deprecated in favor of isaacsim.cortex.behaviors. Please update your code accordingly.
[12.714s] [ext: omni.anim.curve.core-1.3.1] startup
[12.779s] [ext: isaacsim.robot_motion.lula_test_widget-1.0.12] startup
[12.804s] [ext: omni.kit.property.bundle-1.4.1] startup
[12.815s] [ext: omni.isaac.lula-4.0.6] startup
2026-03-11T03:01:14Z [12,783ms] [Warning] [omni.isaac.lula] omni.isaac.lula has been deprecated in favor of isaacsim.robot_motion.lula. Please update your code accordingly.
[12.828s] [ext: omni.isaac.manipulators-3.0.7] startup
2026-03-11T03:01:14Z [12,792ms] [Warning] [omni.isaac.manipulators] omni.isaac.manipulators has been deprecated in favor of isaacsim.robot.manipulators. Please update your code accordingly.
2026-03-11T03:01:14Z [12,792ms] [Warning] [omni.isaac.manipulators.controllers] omni.isaac.manipulators has been deprecated in favor of isaacsim.robot.manipulators. Please update your code accordingly.
2026-03-11T03:01:14Z [12,792ms] [Warning] [omni.isaac.manipulators.controllers.pick_place_controller] omni.isaac.manipulators has been deprecated in favor of isaacsim.robot.manipulators. Please update your code accordingly.
2026-03-11T03:01:14Z [12,793ms] [Warning] [omni.isaac.manipulators.controllers.stacking_controller] omni.isaac.manipulators has been deprecated in favor of isaacsim.robot.manipulators. Please update your code accordingly.
2026-03-11T03:01:14Z [12,793ms] [Warning] [omni.isaac.manipulators.grippers] omni.isaac.manipulators has been deprecated in favor of isaacsim.robot.manipulators. Please update your code accordingly.
2026-03-11T03:01:14Z [12,793ms] [Warning] [omni.isaac.manipulators.grippers.gripper] omni.isaac.manipulators has been deprecated in favor of isaacsim.robot.manipulators. Please update your code accordingly.
2026-03-11T03:01:14Z [12,793ms] [Warning] [omni.isaac.manipulators.grippers.parallel_gripper] omni.isaac.manipulators has been deprecated in favor of isaacsim.robot.manipulators. Please update your code accordingly.
2026-03-11T03:01:14Z [12,794ms] [Warning] [omni.isaac.manipulators.grippers.surface_gripper] omni.isaac.manipulators has been deprecated in favor of isaacsim.robot.manipulators. Please update your code accordingly.
2026-03-11T03:01:14Z [12,794ms] [Warning] [omni.isaac.manipulators.manipulators] omni.isaac.manipulators has been deprecated in favor of isaacsim.robot.manipulators. Please update your code accordingly.
2026-03-11T03:01:14Z [12,794ms] [Warning] [omni.isaac.manipulators.manipulators.single_manipulator] omni.isaac.manipulators has been deprecated in favor of isaacsim.robot.manipulators. Please update your code accordingly.
[12.841s] [ext: omni.kit.viewport.menubar.lighting-107.3.1] startup
[12.867s] [ext: omni.isaac.lula_test_widget-1.0.6] startup
2026-03-11T03:01:14Z [12,831ms] [Warning] [omni.isaac.lula_test_widget] omni.isaac.lula_test_widget has been deprecated in favor of isaacsim.robot_motion.lula_test_widget. Please update your code accordingly.
[12.873s] [ext: isaacsim.core.throttling-2.1.10] startup
[12.875s] [ext: isaacsim.asset.importer.mjcf-2.5.8] startup
[12.916s] [ext: omni.kit.selection-0.1.6] startup
[12.930s] [ext: omni.kit.widget.toolbar-2.0.1] startup
[13.080s] [ext: omni.kit.manipulator.transform-107.0.0] startup
[13.148s] [ext: isaacsim.gui.menu-2.3.17] startup
[14.384s] [ext: isaacsim.asset.browser-1.3.19] startup
[14.402s] [ext: omni.kit.manipulator.tool.snap-1.5.13] startup
[14.443s] [ext: omni.kit.manipulator.selector-1.1.3] startup
[14.469s] [ext: omni.isaac.menu-1.0.6] startup
2026-03-11T03:01:16Z [14,433ms] [Warning] [omni.isaac.menu] omni.isaac.menu has been deprecated in favor of isaacsim.gui.menu. Please update your code accordingly.
[14.478s] [ext: omni.isaac.motion_generation-8.0.7] startup
2026-03-11T03:01:16Z [14,441ms] [Warning] [omni.isaac.motion_generation] omni.isaac.motion_generation has been deprecated in favor of isaacsim.robot_motion.motion_generation. Please update your code accordingly.
2026-03-11T03:01:16Z [14,442ms] [Warning] [omni.isaac.motion_generation.articulation_kinematics_solver] omni.isaac.motion_generation has been deprecated in favor of isaacsim.robot_motion.motion_generation. Please update your code accordingly.
2026-03-11T03:01:16Z [14,442ms] [Warning] [omni.isaac.motion_generation.articulation_motion_policy] omni.isaac.motion_generation has been deprecated in favor of isaacsim.robot_motion.motion_generation. Please update your code accordingly.
2026-03-11T03:01:16Z [14,442ms] [Warning] [omni.isaac.motion_generation.articulation_trajectory] omni.isaac.motion_generation has been deprecated in favor of isaacsim.robot_motion.motion_generation. Please update your code accordingly.
2026-03-11T03:01:16Z [14,443ms] [Warning] [omni.isaac.motion_generation.kinematics_interface] omni.isaac.motion_generation has been deprecated in favor of isaacsim.robot_motion.motion_generation. Please update your code accordingly.
2026-03-11T03:01:16Z [14,443ms] [Warning] [omni.isaac.motion_generation.lula] omni.isaac.motion_generation has been deprecated in favor of isaacsim.robot_motion.motion_generation. Please update your code accordingly.
2026-03-11T03:01:16Z [14,453ms] [Warning] [omni.isaac.motion_generation.lula.kinematics] omni.isaac.motion_generation has been deprecated in favor of isaacsim.robot_motion.motion_generation. Please update your code accordingly.
2026-03-11T03:01:16Z [14,453ms] [Warning] [omni.isaac.motion_generation.lula.motion_policies] omni.isaac.motion_generation has been deprecated in favor of isaacsim.robot_motion.motion_generation. Please update your code accordingly.
2026-03-11T03:01:16Z [14,454ms] [Warning] [omni.isaac.motion_generation.lula.path_planners] omni.isaac.motion_generation has been deprecated in favor of isaacsim.robot_motion.motion_generation. Please update your code accordingly.
2026-03-11T03:01:16Z [14,454ms] [Warning] [omni.isaac.motion_generation.lula.trajectory_generator] omni.isaac.motion_generation has been deprecated in favor of isaacsim.robot_motion.motion_generation. Please update your code accordingly.
2026-03-11T03:01:16Z [14,454ms] [Warning] [omni.isaac.motion_generation.motion_policy_controller] omni.isaac.motion_generation has been deprecated in favor of isaacsim.robot_motion.motion_generation. Please update your code accordingly.
2026-03-11T03:01:16Z [14,455ms] [Warning] [omni.isaac.motion_generation.motion_policy_interface] omni.isaac.motion_generation has been deprecated in favor of isaacsim.robot_motion.motion_generation. Please update your code accordingly.
2026-03-11T03:01:16Z [14,455ms] [Warning] [omni.isaac.motion_generation.path_planner_visualizer] omni.isaac.motion_generation has been deprecated in favor of isaacsim.robot_motion.motion_generation. Please update your code accordingly.
2026-03-11T03:01:16Z [14,455ms] [Warning] [omni.isaac.motion_generation.path_planning_interface] omni.isaac.motion_generation has been deprecated in favor of isaacsim.robot_motion.motion_generation. Please update your code accordingly.
2026-03-11T03:01:16Z [14,456ms] [Warning] [omni.isaac.motion_generation.trajectory] omni.isaac.motion_generation has been deprecated in favor of isaacsim.robot_motion.motion_generation. Please update your code accordingly.
2026-03-11T03:01:16Z [14,456ms] [Warning] [omni.isaac.motion_generation.world_interface] omni.isaac.motion_generation has been deprecated in favor of isaacsim.robot_motion.motion_generation. Please update your code accordingly.
[14.506s] [ext: omni.isaac.asset_browser-1.0.6] startup
2026-03-11T03:01:16Z [14,470ms] [Warning] [omni.isaac.asset_browser] omni.isaac.asset_browser has been deprecated in favor of isaacsim.asset.browser. Please update your code accordingly.
[14.507s] [ext: omni.kit.viewport.manipulator.transform-107.0.4] startup
[14.572s] [ext: omni.isaac.nucleus-1.0.6] startup
2026-03-11T03:01:16Z [14,541ms] [Warning] [omni.isaac.nucleus] omni.isaac.nucleus has been deprecated in favor of isaacsim.storage.native. Please update your code accordingly.
2026-03-11T03:01:16Z [14,541ms] [Warning] [omni.isaac.nucleus.nucleus] omni.isaac.nucleus.nucleus has been deprecated in favor of isaacsim.storage.native. Please update your code accordingly.
[14.579s] [ext: omni.fabric.commands-1.1.6] startup
[14.635s] [ext: omni.kit.manipulator.prim.core-107.0.8] startup
[14.705s] [ext: isaacsim.robot.wheeled_robots-4.0.23] startup
[14.759s] [ext: omni.isaac.utils-2.0.6] startup
[14.794s] [ext: omni.isaac.version-2.0.7] startup
2026-03-11T03:01:16Z [14,762ms] [Warning] [omni.isaac.version] omni.isaac.version has been deprecated in favor of isaacsim.core.version. Please update your code accordingly.
[14.826s] [ext: omni.isaac.wheeled_robots-3.0.7] startup
2026-03-11T03:01:16Z [14,801ms] [Warning] [omni.isaac.wheeled_robots] omni.isaac.wheeled_robots has been deprecated in favor of isaacsim.robot.wheeled_robots. Please update your code accordingly.
2026-03-11T03:01:16Z [14,816ms] [Warning] [omni.isaac.wheeled_robots.controllers] omni.isaac.wheeled_robots has been deprecated in favor of isaacsim.robot.wheeled_robots. Please update your code accordingly.
2026-03-11T03:01:16Z [14,822ms] [Warning] [omni.isaac.wheeled_robots.controllers.ackermann_controller] omni.isaac.wheeled_robots has been deprecated in favor of isaacsim.robot.wheeled_robots. Please update your code accordingly.
2026-03-11T03:01:16Z [14,826ms] [Warning] [omni.isaac.wheeled_robots.controllers.differential_controller] omni.isaac.wheeled_robots has been deprecated in favor of isaacsim.robot.wheeled_robots. Please update your code accordingly.
2026-03-11T03:01:16Z [14,828ms] [Warning] [omni.isaac.wheeled_robots.controllers.holonomic_controller] omni.isaac.wheeled_robots has been deprecated in favor of isaacsim.robot.wheeled_robots. Please update your code accordingly.
2026-03-11T03:01:16Z [14,842ms] [Warning] [omni.isaac.wheeled_robots.controllers.quintic_path_planner] omni.isaac.wheeled_robots has been deprecated in favor of isaacsim.robot.wheeled_robots. Please update your code accordingly.
2026-03-11T03:01:16Z [14,843ms] [Warning] [omni.isaac.wheeled_robots.controllers.stanley_control] omni.isaac.wheeled_robots has been deprecated in favor of isaacsim.robot.wheeled_robots. Please update your code accordingly.
2026-03-11T03:01:16Z [14,843ms] [Warning] [omni.isaac.wheeled_robots.controllers.wheel_base_pose_controller] omni.isaac.wheeled_robots has been deprecated in favor of isaacsim.robot.wheeled_robots. Please update your code accordingly.
2026-03-11T03:01:16Z [14,858ms] [Warning] [omni.isaac.wheeled_robots.impl] omni.isaac.wheeled_robots has been deprecated in favor of isaacsim.robot.wheeled_robots. Please update your code accordingly.
2026-03-11T03:01:16Z [14,872ms] [Warning] [omni.isaac.wheeled_robots.robots] omni.isaac.wheeled_robots has been deprecated in favor of isaacsim.robot.wheeled_robots. Please update your code accordingly.
2026-03-11T03:01:16Z [14,872ms] [Warning] [omni.isaac.wheeled_robots.robots.holonomic_robot_usd_setup] omni.isaac.wheeled_robots has been deprecated in favor of isaacsim.robot.wheeled_robots. Please update your code accordingly.
2026-03-11T03:01:16Z [14,900ms] [Warning] [omni.isaac.wheeled_robots.robots.wheeled_robot] omni.isaac.wheeled_robots has been deprecated in favor of isaacsim.robot.wheeled_robots. Please update your code accordingly.
[14.938s] [ext: omni.sensors.nv.common-2.7.0-coreapi] startup
[15.049s] [ext: isaacsim.app.about-2.0.11] startup
[15.051s] [ext: omni.kit.manipulator.prim.fabric-107.0.4] startup
[15.060s] [ext: isaacsim.sensors.physics-0.3.27] startup
[15.102s] [ext: omni.kit.manipulator.prim.usd-107.0.3] startup
[15.110s] [ext: omni.sensors.net-0.4.0-coreapi] startup
[15.167s] [ext: omni.sensors.nv.materials-1.6.0-coreapi] startup
[15.225s] [ext: omni.isaac.window.about-2.0.7] startup
2026-03-11T03:01:17Z [15,190ms] [Warning] [omni.isaac.window.about] omni.isaac.window.about has been deprecated in favor of isaacsim.app.about. Please update your code accordingly.
2026-03-11T03:01:17Z [15,191ms] [Warning] [omni.isaac.window.about.about] omni.isaac.window.about.about has been deprecated in favor of isaacsim.app.about.about. Please update your code accordingly.
[15.240s] [ext: omni.kit.manipulator.camera-106.0.4] startup
[15.290s] [ext: isaacsim.robot.policy.examples-4.1.11] startup
[15.364s] [ext: omni.kit.manipulator.prim-107.0.0] startup
[15.371s] [ext: omni.kit.manipulator.selection-106.0.1] startup
[15.387s] [ext: omni.sensors.nv.ids-1.5.0-coreapi] startup
[15.406s] [ext: omni.sensors.nv.wpm-2.5.0-coreapi] startup
[15.427s] [ext: omni.sensors.nv.lidar-2.7.0-coreapi] startup
[15.471s] [ext: omni.isaac.quadruped-3.0.7] startup
2026-03-11T03:01:17Z [15,444ms] [Warning] [omni.isaac.quadruped] omni.isaac.quadruped has been deprecated in favor of isaacsim.robot.policy.examples. Please update your code accordingly.
[15.497s] [ext: omni.isaac.assets_check-0.3.13] startup
2026-03-11T03:01:17Z [15,461ms] [Warning] [omni.isaac.assets_check] omni.isaac.assets_check has been deprecated in favor of isaacsim.asset.browser. Please update your code accordingly.
[15.507s] [ext: isaacsim.gui.content_browser-0.1.9] startup
[15.515s] [ext: isaacsim.util.debug_draw-3.1.0] startup
[15.527s] [ext: omni.sensors.nv.radar-2.8.0-coreapi] startup
[15.540s] [ext: omni.isaac.franka-1.0.7] startup
2026-03-11T03:01:17Z [15,505ms] [Warning] [omni.isaac.franka] omni.isaac.franka has been deprecated in favor of isaacsim.robot.manipulators.examples.franka. Please update your code accordingly.
2026-03-11T03:01:17Z [15,505ms] [Warning] [omni.isaac.franka.franka] omni.isaac.franka has been deprecated in favor of isaacsim.robot.manipulators.examples.franka. Please update your code accordingly.
2026-03-11T03:01:17Z [15,506ms] [Warning] [omni.isaac.franka.kinematics_solver] omni.isaac.franka has been deprecated in favor of isaacsim.robot.manipulators.examples.franka. Please update your code accordingly.
[15.549s] [ext: isaacsim.gui.property-1.1.3] startup
[15.556s] [ext: isaacsim.sensors.physx-2.2.27] startup
[15.574s] [ext: isaacsim.sensors.camera-1.3.1] startup
[15.600s] [ext: isaacsim.sensors.rtx-15.5.0] startup
[15.624s] [ext: isaacsim.core.cloner-1.4.9] startup
[15.638s] [ext: omni.kit.property.isaac-1.0.6] startup
2026-03-11T03:01:17Z [15,602ms] [Warning] [omni.kit.property.isaac] omni.kit.property.isaac has been deprecated in favor of isaacsim.gui.property. Please update your code accordingly.
2026-03-11T03:01:17Z [15,602ms] [Warning] [omni.kit.property.isaac.widgets] omni.kit.property.isaac.widgets has been deprecated in favor of isaacsim.gui.property.widgets. Please update your code accordingly.
[15.647s] [ext: omni.isaac.range_sensor-4.0.6] startup
2026-03-11T03:01:17Z [15,611ms] [Warning] [omni.isaac.range_sensor] omni.isaac.range_sensor has been deprecated in favor of isaacsim.sensors.physx. Please update your code accordingly.
2026-03-11T03:01:17Z [15,611ms] [Warning] [omni.isaac.range_sensor.commands] omni.isaac.range_sensor.commands has been deprecated in favor of isaacsim.sensors.physx.commands. Please update your code accordingly.
[15.648s] [ext: omni.kit.viewport.menubar.camera-107.0.3] startup
[15.678s] [ext: omni.isaac.sensor-13.0.7] startup
2026-03-11T03:01:17Z [15,641ms] [Warning] [omni.isaac.sensor] omni.isaac.sensor has been deprecated in favor of isaacsim.sensors.camera, isaacsim.sensors.physics, isaacsim.sensors.physx, and isaacsim.sensors.rtx. Please update your code accordingly.
2026-03-11T03:01:17Z [15,642ms] [Warning] [omni.isaac.sensor.camera] omni.isaac.sensor.camera has been deprecated in favor of isaacsim.sensors.camera.camera. Please update your code accordingly.
2026-03-11T03:01:17Z [15,642ms] [Warning] [omni.isaac.sensor.camera_view] omni.isaac.sensor.camera_view has been deprecated in favor of isaacsim.sensors.camera.camera_view. Please update your code accordingly.
2026-03-11T03:01:17Z [15,642ms] [Warning] [omni.isaac.sensor.commands] omni.isaac.sensor.commands has been deprecated in favor of isaacsim.sensors.physics.commands, isaacsim.sensors.physx.commands, and isaacsim.sensors.rtx.commands. Please update your code accordingly.
2026-03-11T03:01:17Z [15,642ms] [Warning] [omni.isaac.sensor.contact_sensor] omni.isaac.sensor.contact_sensor has been deprecated in favor of isaacsim.sensors.physics.contact_sensor. Please update your code accordingly.
2026-03-11T03:01:17Z [15,642ms] [Warning] [omni.isaac.sensor.imu_sensor] omni.isaac.sensor.imu_sensor has been deprecated in favor of isaacsim.sensors.physics.imu_sensor. Please update your code accordingly.
2026-03-11T03:01:17Z [15,642ms] [Warning] [omni.isaac.sensor.lidar_rtx] omni.isaac.sensor.lidar_rtx has been deprecated in favor of isaacsim.sensors.rtx.lidar_rtx. Please update your code accordingly.
2026-03-11T03:01:17Z [15,642ms] [Warning] [omni.isaac.sensor.rotating_lidar_physX] omni.isaac.sensor.imu_sensor has been deprecated in favor of isaacsim.sensors.physix.rotating_lidar_physX. Please update your code accordingly.
2026-03-11T03:01:17Z [15,643ms] [Warning] [omni.isaac.sensor.scripts.samples.contact_sensor] omni.isaac.sensor.scripts.samples.contact_sensor has been deprecated in favor of isaacsim.sensors.physics.scripts.samples.contact_sensor. Please update your code accordingly.
2026-03-11T03:01:17Z [15,644ms] [Warning] [omni.isaac.sensor.scripts.samples.imu_sensor] omni.isaac.sensor.scripts.samples.imu_sensor has been deprecated in favor of isaacsim.sensors.physics.scripts.samples.imu_sensor. Please update your code accordingly.
2026-03-11T03:01:17Z [15,644ms] [Warning] [omni.isaac.sensor.scripts.samples.lightbeam_sensor] omni.isaac.sensor.scripts.samples.lightbeam_sensor has been deprecated in favor of isaacsim.sensors.physx.scripts.samples.lightbeam_sensor. Please update your code accordingly.
[15.686s] [ext: omni.isaac.cloner-1.0.7] startup
2026-03-11T03:01:17Z [15,650ms] [Warning] [omni.isaac.cloner] omni.isaac.cloner has been deprecated in favor of isaacsim.core.cloner. Please update your code accordingly.
[15.688s] [ext: omni.kit.viewport.menubar.render-107.0.9] startup
[15.706s] [ext: omni.kit.viewport.menubar.settings-107.0.3] startup
[15.728s] [ext: isaacsim.replicator.writers-1.0.15] startup
[15.765s] [ext: omni.kit.window.console-1.1.4] startup
[15.788s] [ext: omni.kit.window.status_bar-0.1.8] startup
[15.814s] [ext: omni.kit.viewport.actions-107.0.2] startup
[15.830s] [ext: isaacsim.replicator.domain_randomization-1.0.16] startup
[15.838s] [ext: isaacsim.replicator.examples-1.1.31] startup
[15.849s] [ext: omni.ocio-0.1.1] startup
[15.864s] [ext: omni.rtx.window.settings-0.6.19] startup
[15.906s] [ext: omni.kit.viewport.menubar.display-107.0.3] startup
[15.922s] [ext: omni.kit.window.toolbar-2.0.0] startup
[15.944s] [ext: omni.replicator.isaac-2.0.8] startup
2026-03-11T03:01:17Z [15,909ms] [Warning] [omni.replicator.isaac] omni.replicator.isaac has been deprecated in favor of isaacsim.replicator.domain_randomization, isaacsim.replicator.examples, isaacsim.replicator.writers. Please update your code accordingly.
[15.946s] [ext: omni.replicator.replicator_yaml-2.0.11] startup
[15.995s] [ext: omni.rtx.settings.core-0.6.5] startup
[16.014s] [ext: omni.usd.metrics.assembler.ui-107.3.1] startup
[16.047s] [ext: omni.isaac.surface_gripper-2.0.6] startup
2026-03-11T03:01:17Z [16,013ms] [Warning] [omni.isaac.surface_gripper] omni.isaac.surface_gripper has been deprecated in favor of isaacsim.robot.surface_gripper. Please update your code accordingly.
[16.056s] [ext: semantics.schema.editor-2.0.1] startup
[16.087s] [ext: omni.kit.ui.actions-1.0.5] startup
[16.097s] [ext: semantics.schema.property-2.0.1] startup
[16.104s] [ext: omni.isaac.universal_robots-1.0.6] startup
2026-03-11T03:01:17Z [16,068ms] [Warning] [omni.isaac.universal_robots] omni.isaac.universal_robots has been deprecated in favor of isaacsim.robot.manipulators.examples.universal_robots. Please update your code accordingly.
2026-03-11T03:01:17Z [16,068ms] [Warning] [omni.isaac.universal_robots.kinematics_solver] omni.isaac.franka has been deprecated in favor of isaacsim.robot.manipulators.examples.universal_robots. Please update your code accordingly.
2026-03-11T03:01:17Z [16,072ms] [Warning] [omni.isaac.universal_robots.ur10] omni.isaac.franka has been deprecated in favor of isaacsim.robot.manipulators.examples.universal_robots. Please update your code accordingly.
[16.111s] [ext: omni.isaac.core-4.0.7] startup
2026-03-11T03:01:17Z [16,080ms] [Warning] [omni.isaac.core.physics_context.physics_context] omni.isaac.core.physics_context.physics_context has been deprecated in favor of isaacsim.core.api.physics_context.physics_context. Please update your code accordingly.
2026-03-11T03:01:17Z [16,080ms] [Warning] [omni.isaac.core.simulation_context.simulation_context] omni.isaac.core.simulation_context.simulation_context has been deprecated in favor of isaacsim.core.api.simulation_context.simulation_context. Please update your code accordingly.
2026-03-11T03:01:17Z [16,080ms] [Warning] [omni.isaac.core.world.world] omni.isaac.core.world.world has been deprecated in favor of isaacsim.core.api.world.world. Please update your code accordingly.
2026-03-11T03:01:17Z [16,080ms] [Warning] [omni.isaac.core] omni.isaac.core has been deprecated in favor of isaacsim.core.api. Please update your code accordingly.
[16.118s] [ext: isaacsim.gui.sensors.icon-2.0.3] startup
[16.134s] [ext: isaacsim.core.experimental.materials-0.3.0] startup
[16.148s] [ext: omni.kit.menu.common-2.0.0] startup
[16.153s] [ext: isaacsim.exp.base-5.0.0] startup
[16.156s] [ext: isaacsim.exp.base.python-5.0.0] startup
[16.159s] Simulation App Starting
2026-03-11T03:01:18Z [16,264ms] [Warning] [omni.kvdb.plugin] Disabling key-value database because another kit process is locking it
2026-03-11T03:01:18Z [16,266ms] [Warning] [usdrt.population.plugin] using high frequency span is disable2026-03-11T02:59:40Z [15,786ms] [Warning] [usdrt.hydra.fabric_scene_delegate.plugin] using high frequency span is disabled
2026-03-11T02:59:40Z [15,786ms] [Warning] [usdrt.hydra.fabric_scene_delegate.plugin] using high frequency span is disabled
2026-03-11T02:59:40Z [15,788ms] [Warning] [usdrt.hydra.fabric_scene_delegate.plugin] using high frequency span with attrs is disabled
2026-03-11T02:59:41Z [15,888ms] [Warning] [usdrt.hydra.fabric_scene_dele2026-03-11T03:01:43Z [42,041ms] [Warning] [usdrt.hydra.fabric_scene_delegate.plugin] using high frequency span is disabled
2026-03-11T03:01:43Z [42,042ms] [Warning] [usdrt.hydra.fabric_scene_delegate.plugin] using high frequency span is disabled
2026-03-11T03:01:43Z [42,044ms] [Warning] [usdrt.hydra.fabric_scene_delegate.plugin] using high frequency span with attrs is disabled
2026-03-11T03:01:44Z [42,288ms] [Warning] [usdrt.hydra.fabric_scene_delegate.plugin] using high frequency span is disabled
2026-03-11T03:01:44Z [42,288ms] [Warning] [usdrt.hydra.fabric_scene_delegate.plugin] using high frequency span is disabled
[296.770s] Simulation App Startup Complete
2026-03-11T03:05:59Z [297,969ms] [Error] [omni.kit.app._impl] [py stderr]: /home/arika/nvida_isacc/kit/python/lib/python3.11/site-packages/gymnasium/spaces/box.py:236: UserWarning: [33mWARN: Box low's precision lowered by casting to float32, current low.dtype=float64[0m
  gym.logger.warn(
2026-03-11T03:05:59Z [297,969ms] [Error] [omni.kit.app._impl] [py stderr]: /home/arika/nvida_isacc/kit/python/lib/python3.11/site-packages/gymnasium/spaces/box.py:306: UserWarning: [33mWARN: Box high's precision lowered by casting to float32, current high.dtype=float64[0m
  gym.logger.warn(
2026-03-11T03:05:59Z [297,974ms] [Error] [omni.kit.app._impl] [py stderr]: /home/arika/nvida_isacc/kit/python/lib/python3.11/site-packages/sb3_contrib/ppo_recurrent/ppo_recurrent.py:145: UserWarning: max_deviation_meters=8.0 exceeds 80% of waypoint horizon (2.5). Capping to 2.00m. Pass max_deviation_meters<=2.00 to suppress this warning.
  self.policy = self.policy_class(
Starting kit application with the following args:  ['/home/arika/nvida_isacc/exts/isaacsim.simulation_app/isaacsim/simulation_app/simulation_app.py', '/home/arika/nvida_isacc/apps/isaacsim.exp.base.python.kit', '--/app/tokens/exe-path=/home/arika/nvida_isacc/kit', '--/persistent/app/viewport/displayOptions=3094', '--/rtx/materialDb/syncLoads=True', '--/rtx/hydra/materialSyncLoads=True', '--/omni.kit.plugin/syncUsdLoads=True', '--/app/renderer/resolution/width=1280', '--/app/renderer/resolution/height=720', '--/app/window/width=1440', '--/app/window/height=900', '--/renderer/multiGpu/enabled=True', '--/app/fastShutdown=True', '--/app/installSignalHandlers=0', '--ext-folder', '/home/arika/nvida_isacc/exts', '--ext-folder', '/home/arika/nvida_isacc/apps', '--/physics/cudaDevice=0', '--/plugins/carb.tasking.plugin/threadCount=24', '--/plugins/omni.tbb.globalcontrol/maxThreadCount=24', '--portable', '--no-window', '--/app/window/hideUi=1']
Passing the following args to the base kit application:  []
Warp 1.7.1 initialized:
   CUDA Toolkit 12.8, Driver 13.1
   Devices:
     "cpu"      : "x86_64"
     "cuda:0"   : "NVIDIA GeForce RTX 3060" (12 GiB, sm_86, mempool enabled)
   Kernel cache:
     /home/arika/.cache/warp/1.7.1

--- Starting Direct Training: direct_train_20260310_220559 ---
Using cuda device
Wrapping the env in a VecTransposeImage.
--- Starting learn() loop for 200000 steps ---
2026-03-11T03:06:01Z [299,414ms] [Warning] [omni.isaac.core.articulations.articulation] omni.isaac.core.articulations.articulation.Articulation has been deprecated in favor of isaacsim.core.prims.SingleArticulation Please update your code accordingly.
2026-03-11T03:06:01Z [299,414ms] [Warning] [omni.isaac.core.articulations.articulation_gripper] omni.isaac.core.articulations.articulation_gripper has been deprecated in favor of isaacsim.core.api.articulations.articulation_gripper. Please update your code accordingly.
2026-03-11T03:06:01Z [299,414ms] [Warning] [omni.isaac.core.articulations.articulation_subset] omni.isaac.core.articulations.articulation_subset has been deprecated in favor of isaacsim.core.api.articulations.articulation_subset. Please update your code accordingly.
2026-03-11T03:06:01Z [299,414ms] [Warning] [omni.isaac.core.articulations.articulation_view] omni.isaac.core.articulations.articulation_view.ArticulationView has been deprecated in favor of isaacsim.core.prims.Articulation. Please update your code accordingly.
2026-03-11T03:06:01Z [299,414ms] [Warning] [omni.isaac.core.utils.prims] omni.isaac.core.utils.prims has been deprecated in favor of isaacsim.core.utils.prims. Please update your code accordingly.
2026-03-11T03:06:01Z [299,538ms] [Warning] [omni.usd] Warning: in _ReportErrors at line 3172 of /builds/omniverse/usd-ci/USD/pxr/usd/usd/stage.cpp -- In </World/signs/sign_r1_1_6>: Unresolved reference prim path @/home/arika/Documents/arcpro/arcpro_system/src/examples/ARCPro_RL/arc_rl_isacc_sim/openStreetUSD/no_graph_sim.usd@</Flattened_Master_1> introduced by @/home/arika/Documents/arcpro/arcpro_system/src/examples/ARCPro_RL/arc_rl_isacc_sim/openStreetUSD/no_graph_sim.usd@</World/signs/sign_r1_1_6> (instantiating stage on stage @/home/arika/Documents/arcpro/arcpro_system/src/examples/ARCPro_RL/arc_rl_isacc_sim/openStreetUSD/no_graph_sim.usd@ <0x24c4b3d0>)

2026-03-11T03:06:01Z [299,538ms] [Warning] [omni.usd] Warning: in _ReportErrors at line 3172 of /builds/omniverse/usd-ci/USD/pxr/usd/usd/stage.cpp -- In </World/signs/sign_r1_1_7>: Unresolved reference prim path @/home/arika/Documents/arcpro/arcpro_system/src/examples/ARCPro_RL/arc_rl_isacc_sim/openStreetUSD/no_graph_sim.usd@</Flattened_Master_1> introduced by @/home/arika/Documents/arcpro/arcpro_system/src/examples/ARCPro_RL/arc_rl_isacc_sim/openStreetUSD/no_graph_sim.usd@</World/signs/sign_r1_1_7> (instantiating stage on stage @/home/arika/Documents/arcpro/arcpro_system/src/examples/ARCPro_RL/arc_rl_isacc_sim/openStreetUSD/no_graph_sim.usd@ <0x24c4b3d0>)

2026-03-11T03:06:01Z [299,538ms] [Warning] [omni.usd] Warning: in _ReportErrors at line 3172 of /builds/omniverse/usd-ci/USD/pxr/usd/usd/stage.cpp -- In </World/signs/sign_r1_1_0>: Unresolved reference prim path @/home/arika/Documents/arcpro/arcpro_system/src/examples/ARCPro_RL/arc_rl_isacc_sim/openStreetUSD/no_graph_sim.usd@</Flattened_Master_1> introduced by @/home/arika/Documents/arcpro/arcpro_system/src/examples/ARCPro_RL/arc_rl_isacc_sim/openStreetUSD/no_graph_sim.usd@</World/signs/sign_r1_1_0> (instantiating stage on stage @/home/arika/Documents/arcpro/arcpro_system/src/examples/ARCPro_RL/arc_rl_isacc_sim/openStreetUSD/no_graph_sim.usd@ <0x24c4b3d0>)

2026-03-11T03:06:01Z [299,538ms] [Warning] [omni.usd] Warning: in _ReportErrors at line 3172 of /builds/omniverse/usd-ci/USD/pxr/usd/usd/stage.cpp -- In </World/props/node_bcc66737_86bc_42b6_86d0_07c3740ca95b_SignPost_10ftNode/SignPost_10ft/signpost_10ft_inst>: Unresolved reference prim path @/home/arika/Documents/arcpro/arcpro_system/src/examples/ARCPro_RL/arc_rl_isacc_sim/openStreetUSD/no_graph_sim.usd@</Flattened_Master_2> introduced by @/home/arika/Documents/arcpro/arcpro_system/src/examples/ARCPro_RL/arc_rl_isacc_sim/openStreetUSD/no_graph_sim.usd@</World/props/node_bcc66737_86bc_42b6_86d0_07c3740ca95b_SignPost_10ftNode/SignPost_10ft/signpost_10ft_inst> (instantiating stage on stage @/home/arika/Documents/arcpro/arcpro_system/src/examples/ARCPro_RL/arc_rl_isacc_sim/openStreetUSD/no_graph_sim.usd@ <0x24c4b3d0>)

2026-03-11T03:06:01Z [299,538ms] [Warning] [omni.usd] Warning: in _ReportErrors at line 3172 of /builds/omniverse/usd-ci/USD/pxr/usd/usd/stage.cpp -- In </World/signs/sign_r1_1_5>: Unresolved reference prim path @/home/arika/Documents/arcpro/arcpro_system/src/examples/ARCPro_RL/arc_rl_isacc_sim/openStreetUSD/no_graph_sim.usd@</Flattened_Master_1> introduced by @/home/arika/Documents/arcpro/arcpro_system/src/examples/ARCPro_RL/arc_rl_isacc_sim/openStreetUSD/no_graph_sim.usd@</World/signs/sign_r1_1_5> (instantiating stage on stage @/home/arika/Documents/arcpro/arcpro_system/src/examples/ARCPro_RL/arc_rl_isacc_sim/openStreetUSD/no_graph_sim.usd@ <0x24c4b3d0>)

2026-03-11T03:06:01Z [299,539ms] [Warning] [omni.usd] Warning: in _ReportErrors at line 3172 of /builds/omniverse/usd-ci/USD/pxr/usd/usd/stage.cpp -- In </World/signs/sign_r1_1_3>: Unresolved reference prim path @/home/arika/Documents/arcpro/arcpro_system/src/examples/ARCPro_RL/arc_rl_isacc_sim/openStreetUSD/no_graph_sim.usd@</Flattened_Master_1> introduced by @/home/arika/Documents/arcpro/arcpro_system/src/examples/ARCPro_RL/arc_rl_isacc_sim/openStreetUSD/no_graph_sim.usd@</World/signs/sign_r1_1_3> (instantiating stage on stage @/home/arika/Documents/arcpro/arcpro_system/src/examples/ARCPro_RL/arc_rl_isacc_sim/openStreetUSD/no_graph_sim.usd@ <0x24c4b3d0>)

2026-03-11T03:06:01Z [299,539ms] [Warning] [omni.usd] Warning: in _ReportErrors at line 3172 of /builds/omniverse/usd-ci/USD/pxr/usd/usd/stage.cpp -- In </World/signs/sign_r1_1_1>: Unresolved reference prim path @/home/arika/Documents/arcpro/arcpro_system/src/examples/ARCPro_RL/arc_rl_isacc_sim/openStreetUSD/no_graph_sim.usd@</Flattened_Master_1> introduced by @/home/arika/Documents/arcpro/arcpro_system/src/examples/ARCPro_RL/arc_rl_isacc_sim/openStreetUSD/no_graph_sim.usd@</World/signs/sign_r1_1_1> (instantiating stage on stage @/home/arika/Documents/arcpro/arcpro_system/src/examples/ARCPro_RL/arc_rl_isacc_sim/openStreetUSD/no_graph_sim.usd@ <0x24c4b3d0>)

2026-03-11T03:06:01Z [299,539ms] [Warning] [omni.usd] Warning: in _ReportErrors at line 3172 of /builds/omniverse/usd-ci/USD/pxr/usd/usd/stage.cpp -- In </World/props/node_54fe8138_4609_4914_85d2_1dc1ce28f043_SignPost_10ftNode/SignPost_10ft/signpost_10ft_inst>: Unresolved reference prim path @/home/arika/Documents/arcpro/arcpro_system/src/examples/ARCPro_RL/arc_rl_isacc_sim/openStreetUSD/no_graph_sim.usd@</Flattened_Master_2> introduced by @/home/arika/Documents/arcpro/arcpro_system/src/examples/ARCPro_RL/arc_rl_isacc_sim/openStreetUSD/no_graph_sim.usd@</World/props/node_54fe8138_4609_4914_85d2_1dc1ce28f043_SignPost_10ftNode/SignPost_10ft/signpost_10ft_inst> (instantiating stage on stage @/home/arika/Documents/arcpro/arcpro_system/src/examples/ARCPro_RL/arc_rl_isacc_sim/openStreetUSD/no_graph_sim.usd@ <0x24c4b3d0>)

2026-03-11T03:06:01Z [299,539ms] [Warning] [omni.usd] Warning: in _ReportErrors at line 3172 of /builds/omniverse/usd-ci/USD/pxr/usd/usd/stage.cpp -- In </World/signs/sign_r1_1_2>: Unresolved reference prim path @/home/arika/Documents/arcpro/arcpro_system/src/examples/ARCPro_RL/arc_rl_isacc_sim/openStreetUSD/no_graph_sim.usd@</Flattened_Master_1> introduced by @/home/arika/Documents/arcpro/arcpro_system/src/examples/ARCPro_RL/arc_rl_isacc_sim/openStreetUSD/no_graph_sim.usd@</World/signs/sign_r1_1_2> (instantiating stage on stage @/home/arika/Documents/arcpro/arcpro_system/src/examples/ARCPro_RL/arc_rl_isacc_sim/openStreetUSD/no_graph_sim.usd@ <0x24c4b3d0>)

2026-03-11T03:06:01Z [299,539ms] [Warning] [omni.usd] Warning: in _ReportErrors at line 3172 of /builds/omniverse/usd-ci/USD/pxr/usd/usd/stage.cpp -- In </World/signs/sign_r1_1_4>: Unresolved reference prim path @/home/arika/Documents/arcpro/arcpro_system/src/examples/ARCPro_RL/arc_rl_isacc_sim/openStreetUSD/no_graph_sim.usd@</Flattened_Master_1> introduced by @/home/arika/Documents/arcpro/arcpro_system/src/examples/ARCPro_RL/arc_rl_isacc_sim/openStreetUSD/no_graph_sim.usd@</World/signs/sign_r1_1_4> (instantiating stage on stage @/home/arika/Documents/arcpro/arcpro_system/src/examples/ARCPro_RL/arc_rl_isacc_sim/openStreetUSD/no_graph_sim.usd@ <0x24c4b3d0>)

2026-03-11T03:06:01Z [299,539ms] [Warning] [omni.usd] Warning: in _ReportErrors at line 3172 of /builds/omniverse/usd-ci/USD/pxr/usd/usd/stage.cpp -- In </World/props/node_76369e9e_046e_49ed_a1b5_363bf053680f_SignPost_10ftNode/SignPost_10ft/signpost_10ft_inst>: Unresolved reference prim path @/home/arika/Documents/arcpro/arcpro_system/src/examples/ARCPro_RL/arc_rl_isacc_sim/openStreetUSD/no_graph_sim.usd@</Flattened_Master_2> introduced by @/home/arika/Documents/arcpro/arcpro_system/src/examples/ARCPro_RL/arc_rl_isacc_sim/openStreetUSD/no_graph_sim.usd@</World/props/node_76369e9e_046e_49ed_a1b5_363bf053680f_SignPost_10ftNode/SignPost_10ft/signpost_10ft_inst> (instantiating stage on stage @/home/arika/Documents/arcpro/arcpro_system/src/examples/ARCPro_RL/arc_rl_isacc_sim/openStreetUSD/no_graph_sim.usd@ <0x24c4b3d0>)

2026-03-11T03:06:01Z [299,539ms] [Warning] [omni.usd] Warning: in _ReportErrors at line 3172 of /builds/omniverse/usd-ci/USD/pxr/usd/usd/stage.cpp -- In </World/props/node_b65256f2_299a_4f20_878e_5810866facc9_SignPost_10ftNode/SignPost_10ft/signpost_10ft_inst>: Unresolved reference prim path @/home/arika/Documents/arcpro/arcpro_system/src/examples/ARCPro_RL/arc_rl_isacc_sim/openStreetUSD/no_graph_sim.usd@</Flattened_Master_2> introduced by @/home/arika/Documents/arcpro/arcpro_system/src/examples/ARCPro_RL/arc_rl_isacc_sim/openStreetUSD/no_graph_sim.usd@</World/props/node_b65256f2_299a_4f20_878e_5810866facc9_SignPost_10ftNode/SignPost_10ft/signpost_10ft_inst> (instantiating stage on stage @/home/arika/Documents/arcpro/arcpro_system/src/examples/ARCPro_RL/arc_rl_isacc_sim/openStreetUSD/no_graph_sim.usd@ <0x24c4b3d0>)

2026-03-11T03:06:01Z [299,539ms] [Warning] [omni.usd] Warning: in _ReportErrors at line 3172 of /builds/omniverse/usd-ci/USD/pxr/usd/usd/stage.cpp -- In </World/props/node_676f9d7e_cb93_4214_82cf_a782294c1d64_SignPost_10ftNode/SignPost_10ft/signpost_10ft_inst>: Unresolved reference prim path @/home/arika/Documents/arcpro/arcpro_system/src/examples/ARCPro_RL/arc_rl_isacc_sim/openStreetUSD/no_graph_sim.usd@</Flattened_Master_2> introduced by @/home/arika/Documents/arcpro/arcpro_system/src/examples/ARCPro_RL/arc_rl_isacc_sim/openStreetUSD/no_graph_sim.usd@</World/props/node_676f9d7e_cb93_4214_82cf_a782294c1d64_SignPost_10ftNode/SignPost_10ft/signpost_10ft_inst> (instantiating stage on stage @/home/arika/Documents/arcpro/arcpro_system/src/examples/ARCPro_RL/arc_rl_isacc_sim/openStreetUSD/no_graph_sim.usd@ <0x24c4b3d0>)

2026-03-11T03:06:01Z [299,539ms] [Warning] [omni.usd] Warning: in _ReportErrors at line 3172 of /builds/omniverse/usd-ci/USD/pxr/usd/usd/stage.cpp -- In </World/props/node_a9b94847_db7a_420b_87cd_3b47d2eaaa69_SignPost_10ftNode/SignPost_10ft/signpost_10ft_inst>: Unresolved reference prim path @/home/arika/Documents/arcpro/arcpro_system/src/examples/ARCPro_RL/arc_rl_isacc_sim/openStreetUSD/no_graph_sim.usd@</Flattened_Master_2> introduced by @/home/arika/Documents/arcpro/arcpro_system/src/examples/ARCPro_RL/arc_rl_isacc_sim/openStreetUSD/no_graph_sim.usd@</World/props/node_a9b94847_db7a_420b_87cd_3b47d2eaaa69_SignPost_10ftNode/SignPost_10ft/signpost_10ft_inst> (instantiating stage on stage @/home/arika/Documents/arcpro/arcpro_system/src/examples/ARCPro_RL/arc_rl_isacc_sim/openStreetUSD/no_graph_sim.usd@ <0x24c4b3d0>)

2026-03-11T03:06:01Z [299,539ms] [Warning] [omni.usd] Warning: in _ReportErrors at line 3172 of /builds/omniverse/usd-ci/USD/pxr/usd/usd/stage.cpp -- In </World/props/node_c007a22f_5af3_4b85_b725_7391444134c3_SignPost_10ftNode/SignPost_10ft/signpost_10ft_inst>: Unresolved reference prim path @/home/arika/Documents/arcpro/arcpro_system/src/examples/ARCPro_RL/arc_rl_isacc_sim/openStreetUSD/no_graph_sim.usd@</Flattened_Master_2> introduced by @/home/arika/Documents/arcpro/arcpro_system/src/examples/ARCPro_RL/arc_rl_isacc_sim/openStreetUSD/no_graph_sim.usd@</World/props/node_c007a22f_5af3_4b85_b725_7391444134c3_SignPost_10ftNode/SignPost_10ft/signpost_10ft_inst> (instantiating stage on stage @/home/arika/Documents/arcpro/arcpro_system/src/examples/ARCPro_RL/arc_rl_isacc_sim/openStreetUSD/no_graph_sim.usd@ <0x24c4b3d0>)

2026-03-11T03:06:01Z [299,539ms] [Warning] [omni.usd] Warning: in _ReportErrors at line 3172 of /builds/omniverse/usd-ci/USD/pxr/usd/usd/stage.cpp -- In </World/props/node_a37379ba_b7e8_4386_a0ee_4b5c75dcb70b_SignPost_10ftNode/SignPost_10ft/signpost_10ft_inst>: Unresolved reference prim path @/home/arika/Documents/arcpro/arcpro_system/src/examples/ARCPro_RL/arc_rl_isacc_sim/openStreetUSD/no_graph_sim.usd@</Flattened_Master_2> introduced by @/home/arika/Documents/arcpro/arcpro_system/src/examples/ARCPro_RL/arc_rl_isacc_sim/openStreetUSD/no_graph_sim.usd@</World/props/node_a37379ba_b7e8_4386_a0ee_4b5c75dcb70b_SignPost_10ftNode/SignPost_10ft/signpost_10ft_inst> (instantiating stage on stage @/home/arika/Documents/arcpro/arcpro_system/src/examples/ARCPro_RL/arc_rl_isacc_sim/openStreetUSD/no_graph_sim.usd@ <0x24c4b3d0>)

2026-03-11T03:06:01Z [299,554ms] [Warning] [usdrt.population.plugin] Primvars of type string array are not supported in Fabric!
2026-03-11T03:06:02Z [300,887ms] [Warning] [usdrt.hydra.fabric_scene_delegate.plugin] using high frequency span with attrs is disabled
2026-03-11T03:06:02Z [300,891ms] [Warning] [usdrt.hydra.fabric_scene_delegate.plugin] using high frequency span with attrs is disabled
2026-03-11T03:06:37Z [336,028ms] [Warning] [omni.usd] Warning: in _ReportErrors at line 3172 of /builds/omniverse/usd-ci/USD/pxr/usd/usd/stage.cpp -- In </World/signs/sign_r1_1_7>: Unresolved reference prim path @/home/arika/Documents/arcpro/arcpro_system/src/examples/ARCPro_RL/arc_rl_isacc_sim/openStreetUSD/no_graph_sim.usd@</Flattened_Master_1> introduced by @/home/arika/Documents/arcpro/arcpro_system/src/examples/ARCPro_RL/arc_rl_isacc_sim/openStreetUSD/no_graph_sim.usd@</World/signs/sign_r1_1_7> (recomposing stage on stage @/home/arika/Documents/arcpro/arcpro_system/src/examples/ARCPro_RL/arc_rl_isacc_sim/openStreetUSD/no_graph_sim.usd@ <0x24c4b3d0>)

2026-03-11T03:06:37Z [336,028ms] [Warning] [omni.usd] Warning: in _ReportErrors at line 3172 of /builds/omniverse/usd-ci/USD/pxr/usd/usd/stage.cpp -- In </World/props/node_bcc66737_86bc_42b6_86d0_07c3740ca95b_SignPost_10ftNode/SignPost_10ft/signpost_10ft_inst>: Unresolved reference prim path @/home/arika/Documents/arcpro/arcpro_system/src/examples/ARCPro_RL/arc_rl_isacc_sim/openStreetUSD/no_graph_sim.usd@</Flattened_Master_2> introduced by @/home/arika/Documents/arcpro/arcpro_system/src/examples/ARCPro_RL/arc_rl_isacc_sim/openStreetUSD/no_graph_sim.usd@</World/props/node_bcc66737_86bc_42b6_86d0_07c3740ca95b_SignPost_10ftNode/SignPost_10ft/signpost_10ft_inst> (recomposing stage on stage @/home/arika/Documents/arcpro/arcpro_system/src/examples/ARCPro_RL/arc_rl_isacc_sim/openStreetUSD/no_graph_sim.usd@ <0x24c4b3d0>)

2026-03-11T03:06:37Z [336,028ms] [Warning] [omni.usd] Warning: in _ReportErrors at line 3172 of /builds/omniverse/usd-ci/USD/pxr/usd/usd/stage.cpp -- In </World/signs/sign_r1_1_6>: Unresolved reference prim path @/home/arika/Documents/arcpro/arcpro_system/src/examples/ARCPro_RL/arc_rl_isacc_sim/openStreetUSD/no_graph_sim.usd@</Flattened_Master_1> introduced by @/home/arika/Documents/arcpro/arcpro_system/src/examples/ARCPro_RL/arc_rl_isacc_sim/openStreetUSD/no_graph_sim.usd@</World/signs/sign_r1_1_6> (recomposing stage on stage @/home/arika/Documents/arcpro/arcpro_system/src/examples/ARCPro_RL/arc_rl_isacc_sim/openStreetUSD/no_graph_sim.usd@ <0x24c4b3d0>)

2026-03-11T03:06:37Z [336,028ms] [Warning] [omni.usd] Warning: in _ReportErrors at line 3172 of /builds/omniverse/usd-ci/USD/pxr/usd/usd/stage.cpp -- In </World/signs/sign_r1_1_0>: Unresolved reference prim path @/home/arika/Documents/arcpro/arcpro_system/src/examples/ARCPro_RL/arc_rl_isacc_sim/openStreetUSD/no_graph_sim.usd@</Flattened_Master_1> introduced by @/home/arika/Documents/arcpro/arcpro_system/src/examples/ARCPro_RL/arc_rl_isacc_sim/openStreetUSD/no_graph_sim.usd@</World/signs/sign_r1_1_0> (recomposing stage on stage @/home/arika/Documents/arcpro/arcpro_system/src/examples/ARCPro_RL/arc_rl_isacc_sim/openStreetUSD/no_graph_sim.usd@ <0x24c4b3d0>)

2026-03-11T03:06:37Z [336,028ms] [Warning] [omni.usd] Warning: in _ReportErrors at line 3172 of /builds/omniverse/usd-ci/USD/pxr/usd/usd/stage.cpp -- In </World/props/node_54fe8138_4609_4914_85d2_1dc1ce28f043_SignPost_10ftNode/SignPost_10ft/signpost_10ft_inst>: Unresolved reference prim path @/home/arika/Documents/arcpro/arcpro_system/src/examples/ARCPro_RL/arc_rl_isacc_sim/openStreetUSD/no_graph_sim.usd@</Flattened_Master_2> introduced by @/home/arika/Documents/arcpro/arcpro_system/src/examples/ARCPro_RL/arc_rl_isacc_sim/openStreetUSD/no_graph_sim.usd@</World/props/node_54fe8138_4609_4914_85d2_1dc1ce28f043_SignPost_10ftNode/SignPost_10ft/signpost_10ft_inst> (recomposing stage on stage @/home/arika/Documents/arcpro/arcpro_system/src/examples/ARCPro_RL/arc_rl_isacc_sim/openStreetUSD/no_graph_sim.usd@ <0x24c4b3d0>)

2026-03-11T03:06:37Z [336,028ms] [Warning] [omni.usd] Warning: in _ReportErrors at line 3172 of /builds/omniverse/usd-ci/USD/pxr/usd/usd/stage.cpp -- In </World/signs/sign_r1_1_1>: Unresolved reference prim path @/home/arika/Documents/arcpro/arcpro_system/src/examples/ARCPro_RL/arc_rl_isacc_sim/openStreetUSD/no_graph_sim.usd@</Flattened_Master_1> introduced by @/home/arika/Documents/arcpro/arcpro_system/src/examples/ARCPro_RL/arc_rl_isacc_sim/openStreetUSD/no_graph_sim.usd@</World/signs/sign_r1_1_1> (recomposing stage on stage @/home/arika/Documents/arcpro/arcpro_system/src/examples/ARCPro_RL/arc_rl_isacc_sim/openStreetUSD/no_graph_sim.usd@ <0x24c4b3d0>)

2026-03-11T03:06:37Z [336,028ms] [Warning] [omni.usd] Warning: in _ReportErrors at line 3172 of /builds/omniverse/usd-ci/USD/pxr/usd/usd/stage.cpp -- In </World/props/node_76369e9e_046e_49ed_a1b5_363bf053680f_SignPost_10ftNode/SignPost_10ft/signpost_10ft_inst>: Unresolved reference prim path @/home/arika/Documents/arcpro/arcpro_system/src/examples/ARCPro_RL/arc_rl_isacc_sim/openStreetUSD/no_graph_sim.usd@</Flattened_Master_2> introduced by @/home/arika/Documents/arcpro/arcpro_system/src/examples/ARCPro_RL/arc_rl_isacc_sim/openStreetUSD/no_graph_sim.usd@</World/props/node_76369e9e_046e_49ed_a1b5_363bf053680f_SignPost_10ftNode/SignPost_10ft/signpost_10ft_inst> (recomposing stage on stage @/home/arika/Documents/arcpro/arcpro_system/src/examples/ARCPro_RL/arc_rl_isacc_sim/openStreetUSD/no_graph_sim.usd@ <0x24c4b3d0>)

2026-03-11T03:06:37Z [336,028ms] [Warning] [omni.usd] Warning: in _ReportErrors at line 3172 of /builds/omniverse/usd-ci/USD/pxr/usd/usd/stage.cpp -- In </World/signs/sign_r1_1_2>: Unresolved reference prim path @/home/arika/Documents/arcpro/arcpro_system/src/examples/ARCPro_RL/arc_rl_isacc_sim/openStreetUSD/no_graph_sim.usd@</Flattened_Master_1> introduced by @/home/arika/Documents/arcpro/arcpro_system/src/examples/ARCPro_RL/arc_rl_isacc_sim/openStreetUSD/no_graph_sim.usd@</World/signs/sign_r1_1_2> (recomposing stage on stage @/home/arika/Documents/arcpro/arcpro_system/src/examples/ARCPro_RL/arc_rl_isacc_sim/openStreetUSD/no_graph_sim.usd@ <0x24c4b3d0>)

2026-03-11T03:06:37Z [336,028ms] [Warning] [omni.usd] Warning: in _ReportErrors at line 3172 of /builds/omniverse/usd-ci/USD/pxr/usd/usd/stage.cpp -- In </World/signs/sign_r1_1_3>: Unresolved reference prim path @/home/arika/Documents/arcpro/arcpro_system/src/examples/ARCPro_RL/arc_rl_isacc_sim/openStreetUSD/no_graph_sim.usd@</Flattened_Master_1> introduced by @/home/arika/Documents/arcpro/arcpro_system/src/examples/ARCPro_RL/arc_rl_isacc_sim/openStreetUSD/no_graph_sim.usd@</World/signs/sign_r1_1_3> (recomposing stage on stage @/home/arika/Documents/arcpro/arcpro_system/src/examples/ARCPro_RL/arc_rl_isacc_sim/openStreetUSD/no_graph_sim.usd@ <0x24c4b3d0>)

2026-03-11T03:06:37Z [336,028ms] [Warning] [omni.usd] Warning: in _ReportErrors at line 3172 of /builds/omniverse/usd-ci/USD/pxr/usd/usd/stage.cpp -- In </World/signs/sign_r1_1_4>: Unresolved reference prim path @/home/arika/Documents/arcpro/arcpro_system/src/examples/ARCPro_RL/arc_rl_isacc_sim/openStreetUSD/no_graph_sim.usd@</Flattened_Master_1> introduced by @/home/arika/Documents/arcpro/arcpro_system/src/examples/ARCPro_RL/arc_rl_isacc_sim/openStreetUSD/no_graph_sim.usd@</World/signs/sign_r1_1_4> (recomposing stage on stage @/home/arika/Documents/arcpro/arcpro_system/src/examples/ARCPro_RL/arc_rl_isacc_sim/openStreetUSD/no_graph_sim.usd@ <0x24c4b3d0>)

2026-03-11T03:06:37Z [336,028ms] [Warning] [omni.usd] Warning: in _ReportErrors at line 3172 of /builds/omniverse/usd-ci/USD/pxr/usd/usd/stage.cpp -- In </World/signs/sign_r1_1_5>: Unresolved reference prim path @/home/arika/Documents/arcpro/arcpro_system/src/examples/ARCPro_RL/arc_rl_isacc_sim/openStreetUSD/no_graph_sim.usd@</Flattened_Master_1> introduced by @/home/arika/Documents/arcpro/arcpro_system/src/examples/ARCPro_RL/arc_rl_isacc_sim/openStreetUSD/no_graph_sim.usd@</World/signs/sign_r1_1_5> (recomposing stage on stage @/home/arika/Documents/arcpro/arcpro_system/src/examples/ARCPro_RL/arc_rl_isacc_sim/openStreetUSD/no_graph_sim.usd@ <0x24c4b3d0>)

2026-03-11T03:06:37Z [336,028ms] [Warning] [omni.usd] Warning: in _ReportErrors at line 3172 of /builds/omniverse/usd-ci/USD/pxr/usd/usd/stage.cpp -- In </World/props/node_b65256f2_299a_4f20_878e_5810866facc9_SignPost_10ftNode/SignPost_10ft/signpost_10ft_inst>: Unresolved reference prim path @/home/arika/Documents/arcpro/arcpro_system/src/examples/ARCPro_RL/arc_rl_isacc_sim/openStreetUSD/no_graph_sim.usd@</Flattened_Master_2> introduced by @/home/arika/Documents/arcpro/arcpro_system/src/examples/ARCPro_RL/arc_rl_isacc_sim/openStreetUSD/no_graph_sim.usd@</World/props/node_b65256f2_299a_4f20_878e_5810866facc9_SignPost_10ftNode/SignPost_10ft/signpost_10ft_inst> (recomposing stage on stage @/home/arika/Documents/arcpro/arcpro_system/src/examples/ARCPro_RL/arc_rl_isacc_sim/openStreetUSD/no_graph_sim.usd@ <0x24c4b3d0>)

2026-03-11T03:06:37Z [336,028ms] [Warning] [omni.usd] Warning: in _ReportErrors at line 3172 of /builds/omniverse/usd-ci/USD/pxr/usd/usd/stage.cpp -- In </World/props/node_c007a22f_5af3_4b85_b725_7391444134c3_SignPost_10ftNode/SignPost_10ft/signpost_10ft_inst>: Unresolved reference prim path @/home/arika/Documents/arcpro/arcpro_system/src/examples/ARCPro_RL/arc_rl_isacc_sim/openStreetUSD/no_graph_sim.usd@</Flattened_Master_2> introduced by @/home/arika/Documents/arcpro/arcpro_system/src/examples/ARCPro_RL/arc_rl_isacc_sim/openStreetUSD/no_graph_sim.usd@</World/props/node_c007a22f_5af3_4b85_b725_7391444134c3_SignPost_10ftNode/SignPost_10ft/signpost_10ft_inst> (recomposing stage on stage @/home/arika/Documents/arcpro/arcpro_system/src/examples/ARCPro_RL/arc_rl_isacc_sim/openStreetUSD/no_graph_sim.usd@ <0x24c4b3d0>)

2026-03-11T03:06:37Z [336,028ms] [Warning] [omni.usd] Warning: in _ReportErrors at line 3172 of /builds/omniverse/usd-ci/USD/pxr/usd/usd/stage.cpp -- In </World/props/node_676f9d7e_cb93_4214_82cf_a782294c1d64_SignPost_10ftNode/SignPost_10ft/signpost_10ft_inst>: Unresolved reference prim path @/home/arika/Documents/arcpro/arcpro_system/src/examples/ARCPro_RL/arc_rl_isacc_sim/openStreetUSD/no_graph_sim.usd@</Flattened_Master_2> introduced by @/home/arika/Documents/arcpro/arcpro_system/src/examples/ARCPro_RL/arc_rl_isacc_sim/openStreetUSD/no_graph_sim.usd@</World/props/node_676f9d7e_cb93_4214_82cf_a782294c1d64_SignPost_10ftNode/SignPost_10ft/signpost_10ft_inst> (recomposing stage on stage @/home/arika/Documents/arcpro/arcpro_system/src/examples/ARCPro_RL/arc_rl_isacc_sim/openStreetUSD/no_graph_sim.usd@ <0x24c4b3d0>)

2026-03-11T03:06:37Z [336,028ms] [Warning] [omni.usd] Warning: in _ReportErrors at line 3172 of /builds/omniverse/usd-ci/USD/pxr/usd/usd/stage.cpp -- In </World/props/node_a37379ba_b7e8_4386_a0ee_4b5c75dcb70b_SignPost_10ftNode/SignPost_10ft/signpost_10ft_inst>: Unresolved reference prim path @/home/arika/Documents/arcpro/arcpro_system/src/examples/ARCPro_RL/arc_rl_isacc_sim/openStreetUSD/no_graph_sim.usd@</Flattened_Master_2> introduced by @/home/arika/Documents/arcpro/arcpro_system/src/examples/ARCPro_RL/arc_rl_isacc_sim/openStreetUSD/no_graph_sim.usd@</World/props/node_a37379ba_b7e8_4386_a0ee_4b5c75dcb70b_SignPost_10ftNode/SignPost_10ft/signpost_10ft_inst> (recomposing stage on stage @/home/arika/Documents/arcpro/arcpro_system/src/examples/ARCPro_RL/arc_rl_isacc_sim/openStreetUSD/no_graph_sim.usd@ <0x24c4b3d0>)

2026-03-11T03:06:37Z [336,028ms] [Warning] [omni.usd] Warning: in _ReportErrors at line 3172 of /builds/omniverse/usd-ci/USD/pxr/usd/usd/stage.cpp -- In </World/props/node_a9b94847_db7a_420b_87cd_3b47d2eaaa69_SignPost_10ftNode/SignPost_10ft/signpost_10ft_inst>: Unresolved reference prim path @/home/arika/Documents/arcpro/arcpro_system/src/examples/ARCPro_RL/arc_rl_isacc_sim/openStreetUSD/no_graph_sim.usd@</Flattened_Master_2> introduced by @/home/arika/Documents/arcpro/arcpro_system/src/examples/ARCPro_RL/arc_rl_isacc_sim/openStreetUSD/no_graph_sim.usd@</World/props/node_a9b94847_db7a_420b_87cd_3b47d2eaaa69_SignPost_10ftNode/SignPost_10ft/signpost_10ft_inst> (recomposing stage on stage @/home/arika/Documents/arcpro/arcpro_system/src/examples/ARCPro_RL/arc_rl_isacc_sim/openStreetUSD/no_graph_sim.usd@ <0x24c4b3d0>)

2026-03-11T03:06:41Z [339,460ms] [Warning] [omni.hydra] Mesh '/World/F1Tenth/Rigid_Bodies/Chassis/Electronics_Mounting/Electronics_Mounting' update topology/point without updating normal, fallback to smooth normal.
2026-03-11T03:06:58Z [356,201ms] [Warning] [rtx.postprocessing.plugin] DLSS increasing input dimensions: Render resolution of (320, 180) is below minimal input resolution of 300.
2026-03-11T03:06:58Z [356,256ms] [Warning] [omni.syntheticdata.plugin] OgnSdPostRenderVarToHost : rendervar copy from texture directly to host buffer is counter-performant. Please use copy from texture to device buffer first.
2026-03-11T03:06:58Z [356,287ms] [Warning] [omni.physicsschema.plugin] ScaleOrientation is not supported for rigid bodies, prim path: /World/F1Tenth/Rigid_Bodies/Suspension_Arm_Rear_Lower_Right. You may ignore this if the scale is close to uniform.
2026-03-11T03:06:58Z [356,287ms] [Warning] [omni.physicsschema.plugin] ScaleOrientation is not supported for rigid bodies, prim path: /World/F1Tenth/Rigid_Bodies/Upright_Rear_Right. You may ignore this if the scale is close to uniform.
2026-03-11T03:06:58Z [356,287ms] [Warning] [omni.physicsschema.plugin] ScaleOrientation is not supported for rigid bodies, prim path: /World/F1Tenth/Rigid_Bodies/Suspension_Arm_Rear_Upper_Right. You may ignore this if the scale is close to uniform.
2026-03-11T03:06:58Z [356,287ms] [Warning] [omni.physicsschema.plugin] ScaleOrientation is not supported for rigid bodies, prim path: /World/F1Tenth/Rigid_Bodies/Wheel_Rear_Right. You may ignore this if the scale is close to uniform.
2026-03-11T03:06:58Z [356,288ms] [Warning] [omni.physicsschema.plugin] ScaleOrientation is not supported for rigid bodies, prim path: /World/F1Tenth/Rigid_Bodies/Shock_Rear_Right_Lower. You may ignore this if the scale is close to uniform.
2026-03-11T03:06:58Z [356,288ms] [Warning] [omni.physicsschema.plugin] ScaleOrientation is not supported for rigid bodies, prim path: /World/F1Tenth/Rigid_Bodies/Shock_Rear_Right_Upper. You may ignore this if the scale is close to uniform.
2026-03-11T03:06:58Z [356,624ms] [Warning] [omni.physx.plugin] Stiffness attribute is unsupported for articulation joints and will be ignored (/World/F1Tenth/Joints/Shock__Rear_Right).
2026-03-11T03:06:58Z [356,624ms] [Warning] [omni.physx.plugin] Damping attribute is unsupported for articulation joints and will be ignored (/World/F1Tenth/Joints/Shock__Rear_Right).
2026-03-11T03:06:58Z [356,624ms] [Warning] [omni.physx.plugin] Stiffness attribute is unsupported for articulation joints and will be ignored (/World/F1Tenth/Joints/Shock__Rear_Left).
2026-03-11T03:06:58Z [356,624ms] [Warning] [omni.physx.plugin] Damping attribute is unsupported for articulation joints and will be ignored (/World/F1Tenth/Joints/Shock__Rear_Left).
2026-03-11T03:06:58Z [356,624ms] [Warning] [omni.physx.plugin] Stiffness attribute is unsupported for articulation joints and will be ignored (/World/F1Tenth/Joints/Shock__Front_Right).
2026-03-11T03:06:58Z [356,624ms] [Warning] [omni.physx.plugin] Damping attribute is unsupported for articulation joints and will be ignored (/World/F1Tenth/Joints/Shock__Front_Right).
2026-03-11T03:06:58Z [356,624ms] [Warning] [omni.physx.plugin] Stiffness attribute is unsupported for articulation joints and will be ignored (/World/F1Tenth/Joints/Shock__Front_Left).
2026-03-11T03:06:58Z [356,624ms] [Warning] [omni.physx.plugin] Damping attribute is unsupported for articulation joints and will be ignored (/World/F1Tenth/Joints/Shock__Front_Left).
2026-03-11T03:06:58Z [356,624ms] [Warning] [omni.physx.plugin] Stiffness attribute is unsupported for articulation joints and will be ignored (/World/F1Tenth/Joints/Shock__Rear_Right).
2026-03-11T03:06:58Z [356,624ms] [Warning] [omni.physx.plugin] Damping attribute is unsupported for articulation joints and will be ignored (/World/F1Tenth/Joints/Shock__Rear_Right).
2026-03-11T03:06:58Z [356,624ms] [Warning] [omni.physx.plugin] Stiffness attribute is unsupported for articulation joints and will be ignored (/World/F1Tenth/Joints/Shock__Rear_Left).
2026-03-11T03:06:58Z [356,624ms] [Warning] [omni.physx.plugin] Damping attribute is unsupported for articulation joints and will be ignored (/World/F1Tenth/Joints/Shock__Rear_Left).
2026-03-11T03:06:58Z [356,624ms] [Warning] [omni.physx.plugin] Stiffness attribute is unsupported for articulation joints and will be ignored (/World/F1Tenth/Joints/Shock__Front_Right).
2026-03-11T03:06:58Z [356,624ms] [Warning] [omni.physx.plugin] Damping attribute is unsupported for articulation joints and will be ignored (/World/F1Tenth/Joints/Shock__Front_Right).
2026-03-11T03:06:58Z [356,624ms] [Warning] [omni.physx.plugin] Stiffness attribute is unsupported for articulation joints and will be ignored (/World/F1Tenth/Joints/Shock__Front_Left).
2026-03-11T03:06:58Z [356,624ms] [Warning] [omni.physx.plugin] Damping attribute is unsupported for articulation joints and will be ignored (/World/F1Tenth/Joints/Shock__Front_Left).
2026-03-11T03:06:58Z [356,624ms] [Warning] [omni.physx.plugin] Stiffness attribute is unsupported for articulation joints and will be ignored (/World/F1Tenth/Joints/Shock__Rear_Right).
2026-03-11T03:06:58Z [356,624ms] [Warning] [omni.physx.plugin] Damping attribute is unsupported for articulation joints and will be ignored (/World/F1Tenth/Joints/Shock__Rear_Right).
2026-03-11T03:06:58Z [356,624ms] [Warning] [omni.physx.plugin] Stiffness attribute is unsupported for articulation joints and will be ignored (/World/F1Tenth/Joints/Shock__Rear_Left).
2026-03-11T03:06:58Z [356,624ms] [Warning] [omni.physx.plugin] Damping attribute is unsupported for articulation joints and will be ignored (/World/F1Tenth/Joints/Shock__Rear_Left).
2026-03-11T03:06:58Z [356,624ms] [Warning] [omni.physx.plugin] Stiffness attribute is unsupported for articulation joints and will be ignored (/World/F1Tenth/Joints/Shock__Front_Right).
2026-03-11T03:06:58Z [356,624ms] [Warning] [omni.physx.plugin] Damping attribute is unsupported for articulation joints and will be ignored (/World/F1Tenth/Joints/Shock__Front_Right).
2026-03-11T03:06:58Z [356,624ms] [Warning] [omni.physx.plugin] Stiffness attribute is unsupported for articulation joints and will be ignored (/World/F1Tenth/Joints/Shock__Front_Left).
2026-03-11T03:06:58Z [356,624ms] [Warning] [omni.physx.plugin] Damping attribute is unsupported for articulation joints and will be ignored (/World/F1Tenth/Joints/Shock__Front_Left).
2026-03-11T03:06:58Z [356,624ms] [Warning] [omni.physx.plugin] Stiffness attribute is unsupported for articulation joints and will be ignored (/World/F1Tenth/Joints/Shock__Rear_Right).
2026-03-11T03:06:58Z [356,624ms] [Warning] [omni.physx.plugin] Damping attribute is unsupported for articulation joints and will be ignored (/World/F1Tenth/Joints/Shock__Rear_Right).
2026-03-11T03:06:58Z [356,624ms] [Warning] [omni.physx.plugin] Stiffness attribute is unsupported for articulation joints and will be ignored (/World/F1Tenth/Joints/Shock__Rear_Left).
2026-03-11T03:06:58Z [356,624ms] [Warning] [omni.physx.plugin] Damping attribute is unsupported for articulation joints and will be ignored (/World/F1Tenth/Joints/Shock__Rear_Left).
2026-03-11T03:06:58Z [356,624ms] [Warning] [omni.physx.plugin] Stiffness attribute is unsupported for articulation joints and will be ignored (/World/F1Tenth/Joints/Shock__Front_Right).
2026-03-11T03:06:58Z [356,624ms] [Warning] [omni.physx.plugin] Damping attribute is unsupported for articulation joints and will be ignored (/World/F1Tenth/Joints/Shock__Front_Right).
2026-03-11T03:06:58Z [356,624ms] [Warning] [omni.physx.plugin] Stiffness attribute is unsupported for articulation joints and will be ignored (/World/F1Tenth/Joints/Shock__Front_Left).
2026-03-11T03:06:58Z [356,624ms] [Warning] [omni.physx.plugin] Damping attribute is unsupported for articulation joints and will be ignored (/World/F1Tenth/Joints/Shock__Front_Left).
2026-03-11T03:06:58Z [356,624ms] [Warning] [omni.physx.plugin] Stiffness attribute is unsupported for articulation joints and will be ignored (/World/F1Tenth/Joints/Shock__Rear_Left).
2026-03-11T03:06:58Z [356,624ms] [Warning] [omni.physx.plugin] Damping attribute is unsupported for articulation joints and will be ignored (/World/F1Tenth/Joints/Shock__Rear_Left).
2026-03-11T03:06:58Z [356,624ms] [Warning] [omni.physx.plugin] Stiffness attribute is unsupported for articulation joints and will be ignored (/World/F1Tenth/Joints/Shock__Front_Right).
2026-03-11T03:06:58Z [356,624ms] [Warning] [omni.physx.plugin] Damping attribute is unsupported for articulation joints and will be ignored (/World/F1Tenth/Joints/Shock__Front_Right).
2026-03-11T03:06:58Z [356,624ms] [Warning] [omni.physx.plugin] Stiffness attribute is unsupported for articulation joints and will be ignored (/World/F1Tenth/Joints/Shock__Front_Left).
2026-03-11T03:06:58Z [356,624ms] [Warning] [omni.physx.plugin] Damping attribute is unsupported for articulation joints and will be ignored (/World/F1Tenth/Joints/Shock__Front_Left).
2026-03-11T03:06:58Z [356,624ms] [Warning] [omni.physx.plugin] Stiffness attribute is unsupported for articulation joints and will be ignored (/World/F1Tenth/Joints/Shock__Rear_Left).
2026-03-11T03:06:58Z [356,624ms] [Warning] [omni.physx.plugin] Damping attribute is unsupported for articulation joints and will be ignored (/World/F1Tenth/Joints/Shock__Rear_Left).
2026-03-11T03:06:58Z [356,624ms] [Warning] [omni.physx.plugin] Stiffness attribute is unsupported for articulation joints and will be ignored (/World/F1Tenth/Joints/Shock__Front_Right).
2026-03-11T03:06:58Z [356,624ms] [Warning] [omni.physx.plugin] Damping attribute is unsupported for articulation joints and will be ignored (/World/F1Tenth/Joints/Shock__Front_Right).
2026-03-11T03:06:58Z [356,624ms] [Warning] [omni.physx.plugin] Stiffness attribute is unsupported for articulation joints and will be ignored (/World/F1Tenth/Joints/Shock__Front_Left).
2026-03-11T03:06:58Z [356,624ms] [Warning] [omni.physx.plugin] Damping attribute is unsupported for articulation joints and will be ignored (/World/F1Tenth/Joints/Shock__Front_Left).
2026-03-11T03:06:58Z [356,625ms] [Warning] [omni.physx.plugin] Stiffness attribute is unsupported for articulation joints and will be ignored (/World/F1Tenth/Joints/Shock__Rear_Left).
2026-03-11T03:06:58Z [356,625ms] [Warning] [omni.physx.plugin] Damping attribute is unsupported for articulation joints and will be ignored (/World/F1Tenth/Joints/Shock__Rear_Left).
2026-03-11T03:06:58Z [356,625ms] [Warning] [omni.physx.plugin] Stiffness attribute is unsupported for articulation joints and will be ignored (/World/F1Tenth/Joints/Shock__Front_Right).
2026-03-11T03:06:58Z [356,625ms] [Warning] [omni.physx.plugin] Damping attribute is unsupported for articulation joints and will be ignored (/World/F1Tenth/Joints/Shock__Front_Right).
2026-03-11T03:06:58Z [356,625ms] [Warning] [omni.physx.plugin] Stiffness attribute is unsupported for articulation joints and will be ignored (/World/F1Tenth/Joints/Shock__Front_Left).
2026-03-11T03:06:58Z [356,625ms] [Warning] [omni.physx.plugin] Damping attribute is unsupported for articulation joints and will be ignored (/World/F1Tenth/Joints/Shock__Front_Left).
2026-03-11T03:06:58Z [356,625ms] [Warning] [omni.physx.plugin] Stiffness attribute is unsupported for articulation joints and will be ignored (/World/F1Tenth/Joints/Shock__Rear_Left).
2026-03-11T03:06:58Z [356,625ms] [Warning] [omni.physx.plugin] Damping attribute is unsupported for articulation joints and will be ignored (/World/F1Tenth/Joints/Shock__Rear_Left).
2026-03-11T03:06:58Z [356,625ms] [Warning] [omni.physx.plugin] Stiffness attribute is unsupported for articulation joints and will be ignored (/World/F1Tenth/Joints/Shock__Front_Right).
2026-03-11T03:06:58Z [356,625ms] [Warning] [omni.physx.plugin] Damping attribute is unsupported for articulation joints and will be ignored (/World/F1Tenth/Joints/Shock__Front_Right).
2026-03-11T03:06:58Z [356,625ms] [Warning] [omni.physx.plugin] Stiffness attribute is unsupported for articulation joints and will be ignored (/World/F1Tenth/Joints/Shock__Front_Left).
2026-03-11T03:06:58Z [356,625ms] [Warning] [omni.physx.plugin] Damping attribute is unsupported for articulation joints and will be ignored (/World/F1Tenth/Joints/Shock__Front_Left).
2026-03-11T03:06:58Z [356,625ms] [Warning] [omni.physx.plugin] Stiffness attribute is unsupported for articulation joints and will be ignored (/World/F1Tenth/Joints/Shock__Rear_Left).
2026-03-11T03:06:58Z [356,625ms] [Warning] [omni.physx.plugin] Damping attribute is unsupported for articulation joints and will be ignored (/World/F1Tenth/Joints/Shock__Rear_Left).
2026-03-11T03:06:58Z [356,625ms] [Warning] [omni.physx.plugin] Stiffness attribute is unsupported for articulation joints and will be ignored (/World/F1Tenth/Joints/Shock__Front_Right).
2026-03-11T03:06:58Z [356,625ms] [Warning] [omni.physx.plugin] Damping attribute is unsupported for articulation joints and will be ignored (/World/F1Tenth/Joints/Shock__Front_Right).
2026-03-11T03:06:58Z [356,625ms] [Warning] [omni.physx.plugin] Stiffness attribute is unsupported for articulation joints and will be ignored (/World/F1Tenth/Joints/Shock__Front_Left).
2026-03-11T03:06:58Z [356,625ms] [Warning] [omni.physx.plugin] Damping attribute is unsupported for articulation joints and will be ignored (/World/F1Tenth/Joints/Shock__Front_Left).
2026-03-11T03:06:58Z [356,625ms] [Warning] [omni.physx.plugin] Stiffness attribute is unsupported for articulation joints and will be ignored (/World/F1Tenth/Joints/Shock__Rear_Left).
2026-03-11T03:06:58Z [356,625ms] [Warning] [omni.physx.plugin] Damping attribute is unsupported for articulation joints and will be ignored (/World/F1Tenth/Joints/Shock__Rear_Left).
2026-03-11T03:06:58Z [356,625ms] [Warning] [omni.physx.plugin] Stiffness attribute is unsupported for articulation joints and will be ignored (/World/F1Tenth/Joints/Shock__Front_Right).
2026-03-11T03:06:58Z [356,625ms] [Warning] [omni.physx.plugin] Damping attribute is unsupported for articulation joints and will be ignored (/World/F1Tenth/Joints/Shock__Front_Right).
2026-03-11T03:06:58Z [356,625ms] [Warning] [omni.physx.plugin] Stiffness attribute is unsupported for articulation joints and will be ignored (/World/F1Tenth/Joints/Shock__Front_Left).
2026-03-11T03:06:58Z [356,625ms] [Warning] [omni.physx.plugin] Damping attribute is unsupported for articulation joints and will be ignored (/World/F1Tenth/Joints/Shock__Front_Left).
2026-03-11T03:06:58Z [356,625ms] [Warning] [omni.physx.plugin] Stiffness attribute is unsupported for articulation joints and will be ignored (/World/F1Tenth/Joints/Shock__Front_Right).
2026-03-11T03:06:58Z [356,625ms] [Warning] [omni.physx.plugin] Damping attribute is unsupported for articulation joints and will be ignored (/World/F1Tenth/Joints/Shock__Front_Right).
2026-03-11T03:06:58Z [356,625ms] [Warning] [omni.physx.plugin] Stiffness attribute is unsupported for articulation joints and will be ignored (/World/F1Tenth/Joints/Shock__Front_Left).
2026-03-11T03:06:58Z [356,625ms] [Warning] [omni.physx.plugin] Damping attribute is unsupported for articulation joints and will be ignored (/World/F1Tenth/Joints/Shock__Front_Left).
2026-03-11T03:06:58Z [356,625ms] [Warning] [omni.physx.plugin] Stiffness attribute is unsupported for articulation joints and will be ignored (/World/F1Tenth/Joints/Shock__Front_Right).
2026-03-11T03:06:58Z [356,625ms] [Warning] [omni.physx.plugin] Damping attribute is unsupported for articulation joints and will be ignored (/World/F1Tenth/Joints/Shock__Front_Right).
2026-03-11T03:06:58Z [356,625ms] [Warning] [omni.physx.plugin] Stiffness attribute is unsupported for articulation joints and will be ignored (/World/F1Tenth/Joints/Shock__Front_Left).
2026-03-11T03:06:58Z [356,625ms] [Warning] [omni.physx.plugin] Damping attribute is unsupported for articulation joints and will be ignored (/World/F1Tenth/Joints/Shock__Front_Left).
2026-03-11T03:06:58Z [356,625ms] [Warning] [omni.physx.plugin] Stiffness attribute is unsupported for articulation joints and will be ignored (/World/F1Tenth/Joints/Shock__Front_Right).
2026-03-11T03:06:58Z [356,625ms] [Warning] [omni.physx.plugin] Damping attribute is unsupported for articulation joints and will be ignored (/World/F1Tenth/Joints/Shock__Front_Right).
2026-03-11T03:06:58Z [356,625ms] [Warning] [omni.physx.plugin] Stiffness attribute is unsupported for articulation joints and will be ignored (/World/F1Tenth/Joints/Shock__Front_Left).
2026-03-11T03:06:58Z [356,625ms] [Warning] [omni.physx.plugin] Damping attribute is unsupported for articulation joints and will be ignored (/World/F1Tenth/Joints/Shock__Front_Left).
2026-03-11T03:06:58Z [356,625ms] [Warning] [omni.physx.plugin] Stiffness attribute is unsupported for articulation joints and will be ignored (/World/F1Tenth/Joints/Shock__Front_Right).
2026-03-11T03:06:58Z [356,625ms] [Warning] [omni.physx.plugin] Damping attribute is unsupported for articulation joints and will be ignored (/World/F1Tenth/Joints/Shock__Front_Right).
2026-03-11T03:06:58Z [356,625ms] [Warning] [omni.physx.plugin] Stiffness attribute is unsupported for articulation joints and will be ignored (/World/F1Tenth/Joints/Shock__Front_Left).
2026-03-11T03:06:58Z [356,625ms] [Warning] [omni.physx.plugin] Damping attribute is unsupported for articulation joints and will be ignored (/World/F1Tenth/Joints/Shock__Front_Left).
2026-03-11T03:06:58Z [356,625ms] [Warning] [omni.physx.plugin] Stiffness attribute is unsupported for articulation joints and will be ignored (/World/F1Tenth/Joints/Shock__Front_Right).
2026-03-11T03:06:58Z [356,625ms] [Warning] [omni.physx.plugin] Damping attribute is unsupported for articulation joints and will be ignored (/World/F1Tenth/Joints/Shock__Front_Right).
2026-03-11T03:06:58Z [356,625ms] [Warning] [omni.physx.plugin] Stiffness attribute is unsupported for articulation joints and will be ignored (/World/F1Tenth/Joints/Shock__Front_Left).
2026-03-11T03:06:58Z [356,625ms] [Warning] [omni.physx.plugin] Damping attribute is unsupported for articulation joints and will be ignored (/World/F1Tenth/Joints/Shock__Front_Left).
2026-03-11T03:06:58Z [356,625ms] [Warning] [omni.physx.plugin] Stiffness attribute is unsupported for articulation joints and will be ignored (/World/F1Tenth/Joints/Shock__Front_Right).
2026-03-11T03:06:58Z [356,625ms] [Warning] [omni.physx.plugin] Damping attribute is unsupported for articulation joints and will be ignored (/World/F1Tenth/Joints/Shock__Front_Right).
2026-03-11T03:06:58Z [356,625ms] [Warning] [omni.physx.plugin] Stiffness attribute is unsupported for articulation joints and will be ignored (/World/F1Tenth/Joints/Shock__Front_Left).
2026-03-11T03:06:58Z [356,625ms] [Warning] [omni.physx.plugin] Damping attribute is unsupported for articulation joints and will be ignored (/World/F1Tenth/Joints/Shock__Front_Left).
2026-03-11T03:06:58Z [356,625ms] [Warning] [omni.physx.plugin] Stiffness attribute is unsupported for articulation joints and will be ignored (/World/F1Tenth/Joints/Shock__Front_Right).
2026-03-11T03:06:58Z [356,625ms] [Warning] [omni.physx.plugin] Damping attribute is unsupported for articulation joints and will be ignored (/World/F1Tenth/Joints/Shock__Front_Right).
2026-03-11T03:06:58Z [356,625ms] [Warning] [omni.physx.plugin] Stiffness attribute is unsupported for articulation joints and will be ignored (/World/F1Tenth/Joints/Shock__Front_Left).
2026-03-11T03:06:58Z [356,625ms] [Warning] [omni.physx.plugin] Damping attribute is unsupported for articulation joints and will be ignored (/World/F1Tenth/Joints/Shock__Front_Left).
2026-03-11T03:06:58Z [356,625ms] [Warning] [omni.physx.plugin] Stiffness attribute is unsupported for articulation joints and will be ignored (/World/F1Tenth/Joints/Shock__Front_Left).
2026-03-11T03:06:58Z [356,625ms] [Warning] [omni.physx.plugin] Damping attribute is unsupported for articulation joints and will be ignored (/World/F1Tenth/Joints/Shock__Front_Left).
2026-03-11T03:06:58Z [356,625ms] [Warning] [omni.physx.plugin] Stiffness attribute is unsupported for articulation joints and will be ignored (/World/F1Tenth/Joints/Shock__Front_Left).
2026-03-11T03:06:58Z [356,625ms] [Warning] [omni.physx.plugin] Damping attribute is unsupported for articulation joints and will be ignored (/World/F1Tenth/Joints/Shock__Front_Left).
2026-03-11T03:06:58Z [356,625ms] [Warning] [omni.physx.plugin] Stiffness attribute is unsupported for articulation joints and will be ignored (/World/F1Tenth/Joints/Shock__Front_Left).
2026-03-11T03:06:58Z [356,625ms] [Warning] [omni.physx.plugin] Damping attribute is unsupported for articulation joints and will be ignored (/World/F1Tenth/Joints/Shock__Front_Left).
2026-03-11T03:06:58Z [356,625ms] [Warning] [omni.physx.plugin] Stiffness attribute is unsupported for articulation joints and will be ignored (/World/F1Tenth/Joints/Shock__Front_Left).
2026-03-11T03:06:58Z [356,625ms] [Warning] [omni.physx.plugin] Damping attribute is unsupported for articulation joints and will be ignored (/World/F1Tenth/Joints/Shock__Front_Left).
2026-03-11T03:----------------------------
| time/              |     |
|    fps             | 0   |
|    iterations      | 1   |
|    time_elapsed    | 767 |
|    total_timesteps | 512 |
----------------------------
-----------------------------------------
| time/                   |             |
|    fps                  | 0           |
|    iterations           | 2           |
|    time_elapsed         | 1347        |
|    total_timesteps      | 1024        |
| train/                  |             |
|    approx_kl            | 0.005189213 |
|    clip_fraction        | 0.0443      |
|    clip_range           | 0.2         |
|    entropy_loss         | -4.26       |
|    explained_variance   | -0.0151     |
|    learning_rate        | 0.0003      |
|    loss                 | 37.6        |
|    n_updates            | 10          |
|    policy_gradient_loss | -0.00446    |
|    std                  | 1           |
|    value_loss           | 94.1        |
-----------------------------------------
------------------------------------------
| time/                   |              |
|    fps                  | 0            |
|    iterations           | 3            |
|    time_elapsed         | 1924         |
|    total_timesteps      | 1536         |
| train/                  |              |
|    approx_kl            | 0.0035145981 |
|    clip_fraction        | 0.00742      |
|    clip_range           | 0.2          |
|    entropy_loss         | -4.26        |
|    explained_variance   | 0.000411     |
|    learning_rate        | 0.0003       |
|    loss                 | 96.2         |
|    n_updates            | 20           |
|    policy_gradient_loss | 0.00158      |
|    std                  | 1            |
|    value_loss           | 198          |
------------------------------------------
------------------------------------------
| time/                   |              |
|    fps                  | 0            |
|    iterations           | 4            |
|    time_elapsed         | 2501         |
|    total_timesteps      | 2048         |
| train/                  |              |
|    approx_kl            | 0.0032051024 |
|    clip_fraction        | 0.00879      |
|    clip_range           | 0.2          |
|    entropy_loss         | -4.27        |
|    explained_variance   | 0.000128     |
|    learning_rate        | 0.0003       |
|    loss                 | 87.2         |
|    n_updates            | 30           |
|    policy_gradient_loss | 0.0106       |
|    std                  | 1            |
|    value_loss           | 189          |
------------------------------------------
------------------------------------------
| time/                   |              |
|    fps                  | 0            |
|    iterations           | 5            |
|    time_elapsed         | 3079         |
|    total_timesteps      | 2560         |
| train/                  |              |
|    approx_kl            | 0.0049612876 |
|    clip_fraction        | 0.0338       |
|    clip_range           | 0.2          |
|    entropy_loss         | -4.27        |
|    explained_variance   | -3.67e-05    |
|    learning_rate        | 0.0003       |
|    loss                 | 87.8         |
|    n_updates            | 40           |
|    policy_gradient_loss | 0.0223       |
|    std                  | 1            |
|    value_loss           | 182          |
------------------------------------------
------------------------------------------
| time/                   |              |
|    fps                  | 0            |
|    iterations           | 6            |
|    time_elapsed         | 3652         |
|    total_timesteps      | 3072         |
| train/                  |              |
|    approx_kl            | 0.0037620384 |
|    clip_fraction        | 0.0295       |
|    clip_range           | 0.2          |
|    entropy_loss         | -4.26        |
|    explained_variance   | -9.37e-05    |
|    learning_rate        | 0.0003       |
|    loss                 | 85.9         |
|    n_updates            | 50           |
|    policy_gradient_loss | -0.0862      |
|    std                  | 0.996        |
|    value_loss           | 175          |
------------------------------------------
------------------------------------------
| time/                   |              |
|    fps                  | 0            |
|    iterations           | 7            |
|    time_elapsed         | 4232         |
|    total_timesteps      | 3584         |
| train/                  |              |
|    approx_kl            | 0.0062216595 |
|    clip_fraction        | 0.0379       |
|    clip_range           | 0.2          |
|    entropy_loss         | -4.24        |
|    explained_variance   | -0.00011     |
|    learning_rate        | 0.0003       |
|    loss                 | 82.7         |
|    n_updates            | 60           |
|    policy_gradient_loss | 0.082        |
|    std                  | 0.996        |
|    value_loss           | 168          |
------------------------------------------
------------------------------------------
| time/                   |              |
|    fps                  | 0            |
|    iterations           | 8            |
|    time_elapsed         | 4816         |
|    total_timesteps      | 4096         |
| train/                  |              |
|    approx_kl            | 0.0071291765 |
|    clip_fraction        | 0.0492       |
|    clip_range           | 0.2          |
|    entropy_loss         | -4.24        |
|    explained_variance   | -0.00011     |
|    learning_rate        | 0.0003       |
|    loss                 | 76.8         |
|    n_updates            | 70           |
|    policy_gradient_loss | -0.0203      |
|    std                  | 0.991        |
|    value_loss           | 161          |
------------------------------------------
-----------------------------------------
| time/                   |             |
|    fps                  | 0           |
|    iterations           | 9           |
|    time_elapsed         | 5393        |
|    total_timesteps      | 4608        |
| train/                  |             |
|    approx_kl            | 0.008057887 |
|    clip_fraction        | 0.0377      |
|    clip_range           | 0.2         |
|    entropy_loss         | -4.23       |
|    explained_variance   | -0.000104   |
|    learning_rate        | 0.0003      |
|    loss                 | 76.6        |
|    n_updates            | 80          |
|    policy_gradient_loss | 0.107       |
|    std                  | 0.99        |
|    value_loss           | 155         |
-----------------------------------------
-----------------------------------------
| time/                   |             |
|    fps                  | 0           |
|    iterations           | 10          |
|    time_elapsed         | 5974        |
|    total_timesteps      | 5120        |
| train/                  |             |
|    approx_kl            | 0.003588959 |
|    clip_fraction        | 0.0229      |
|    clip_range           | 0.2         |
|    entropy_loss         | -4.22       |
|    explained_variance   | -9.79e-05   |
|    learning_rate        | 0.0003      |
|    loss                 | 47.6        |
|    n_updates            | 90          |
|    policy_gradient_loss | -0.00352    |
|    std                  | 0.987       |
|    value_loss           | 149         |
-----------------------------------------
-----------------------------------------
| time/                   |             |
|    fps                  | 0           |
|    iterations           | 11          |
|    time_elapsed         | 6550        |
|    total_timesteps      | 5632        |
| train/                  |             |
|    approx_kl            | 0.006360981 |
|    clip_fraction        | 0.032       |
|    clip_range           | 0.2         |
|    entropy_loss         | -4.21       |
|    explained_variance   | -9.12e-05   |
|    learning_rate        | 0.0003      |
|    loss                 | 70.4        |
|    n_updates            | 100         |
|    policy_gradient_loss | 0.144       |
|    std                  | 0.984       |
|    value_loss           | 143         |
-----------------------------------------
------------------------------------------
| time/                   |              |
|    fps                  | 0            |
|    iterations           | 12           |
|    time_elapsed         | 7127         |
|    total_timesteps      | 6144         |
| train/                  |              |
|    approx_kl            | 0.0008870816 |
|    clip_fraction        | 0.0285       |
|    clip_range           | 0.2          |
|    entropy_loss         | -4.21        |
|    explained_variance   | -8.49e-05    |
|    learning_rate        | 0.0003       |
|    loss                 | 63.8         |
|    n_updates            | 110          |
|    policy_gradient_loss | -0.205       |
|    std                  | 0.985        |
|    value_loss           | 137          |
------------------------------------------
-----------------------------------------
| time/                   |             |
|    fps                  | 0           |
|    iterations           | 13          |
|    time_elapsed         | 7703        |
|    total_timesteps      | 6656        |
| train/                  |             |
|    approx_kl            | 0.008665295 |
|    clip_fraction        | 0.0664      |
|    clip_range           | 0.2         |
|    entropy_loss         | -4.21       |
|    explained_variance   | -7.92e-05   |
|    learning_rate        | 0.0003      |
|    loss                 | 57.9        |
|    n_updates            | 120         |
|    policy_gradient_loss | 0.0091      |
|    std                  | 0.985       |
|    value_loss           | 131         |
-----------------------------------------
----------------------------------------
| time/                   |            |
|    fps                  | 0          |
|    iterations           | 14         |
|    time_elapsed         | 8283       |
|    total_timesteps      | 7168       |
| train/                  |            |
|    approx_kl            | 0.00837752 |
|    clip_fraction        | 0.0639     |
|    clip_range           | 0.2        |
|    entropy_loss         | -4.21      |
|    explained_variance   | -7.4e-05   |
|    learning_rate        | 0.0003     |
|    loss                 | 58.4       |
|    n_updates            | 130        |
|    policy_gradient_loss | -0.00941   |
|    std                  | 0.984      |
|    value_loss           | 126        |
----------------------------------------
-----------------------------------------
| time/                   |             |
|    fps                  | 0           |
|    iterations           | 15          |
|    time_elapsed         | 8864        |
|    total_timesteps      | 7680        |
| train/                  |             |
|    approx_kl            | 0.005914955 |
|    clip_fraction        | 0.0414      |
|    clip_range           | 0.2         |
|    entropy_loss         | -4.2        |
|    explained_variance   | -6.96e-05   |
|    learning_rate        | 0.0003      |
|    loss                 | 57.7        |
|    n_updates            | 140         |
|    policy_gradient_loss | 0.0323      |
|    std                  | 0.979       |
|    value_loss           | 120         |
-----------------------------------------
------------------------------------------
| time/                   |              |
|    fps                  | 0            |
|    iterations           | 16           |
|    time_elapsed         | 9442         |
|    total_timesteps      | 8192         |
| train/                  |              |
|    approx_kl            | 0.0031117676 |
|    clip_fraction        | 0.0182       |
|    clip_range           | 0.2          |
|    entropy_loss         | -4.19        |
|    explained_variance   | -6.59e-05    |
|    learning_rate        | 0.0003       |
|    loss                 | 46.8         |
|    n_updates            | 150          |
|    policy_gradient_loss | -0.0787      |
|    std                  | 0.974        |
|    value_loss           | 115          |
------------------------------------------
-----------------------------------------
| time/                   |             |
|    fps                  | 0           |
|    iterations           | 17          |
|    time_elapsed         | 10020       |
|    total_timesteps      | 8704        |
| train/                  |             |
|    approx_kl            | 0.003867712 |
|    clip_fraction        | 0.0102      |
|    clip_range           | 0.2         |
|    entropy_loss         | -4.17       |
|    explained_variance   | -6.21e-05   |
|    learning_rate        | 0.0003      |
|    loss                 | 36.8        |
|    n_updates            | 160         |
|    policy_gradient_loss | 0.00913     |
|    std                  | 0.97        |
|    value_loss           | 109         |
-----------------------------------------
----------------------------------------
| time/                   |            |
|    fps                  | 0          |
|    iterations           | 18         |
|    time_elapsed         | 10596      |
|    total_timesteps      | 9216       |
| train/                  |            |
|    approx_kl            | 0.00509753 |
|    clip_fraction        | 0.0322     |
|    clip_range           | 0.2        |
|    entropy_loss         | -4.16      |
|    explained_variance   | -5.95e-05  |
|    learning_rate        | 0.0003     |
|    loss                 | 49.6       |
|    n_updates            | 170        |
|    policy_gradient_loss | -0.00269   |
|    std                  | 0.971      |
|    value_loss           | 104        |
----------------------------------------
------------------------------------------
| time/                   |              |
|    fps                  | 0            |
|    iterations           | 19           |
|    time_elapsed         | 11173        |
|    total_timesteps      | 9728         |
| train/                  |              |
|    approx_kl            | 0.0044573904 |
|    clip_fraction        | 0.00605      |
|    clip_range           | 0.2          |
|    entropy_loss         | -4.17        |
|    explained_variance   | -5.66e-05    |
|    learning_rate        | 0.0003       |
|    loss                 | 47           |
|    n_updates            | 180          |
|    policy_gradient_loss | -0.000791    |
|    std                  | 0.974        |
|    value_loss           | 99.1         |
------------------------------------------
------------------------------------------
| time/                   |              |
|    fps                  | 0            |
|    iterations           | 20           |
|    time_elapsed         | 11748        |
|    total_timesteps      | 10240        |
| train/                  |              |
|    approx_kl            | 0.0016679489 |
|    clip_fraction        | 0.000195     |
|    clip_range           | 0.2          |
|    entropy_loss         | -4.17        |
|    explained_variance   | -5.41e-05    |
|    learning_rate        | 0.0003       |
|    loss                 | 27.2         |
|    n_updates            | 190          |
|    policy_gradient_loss | -0.00328     |
|    std                  | 0.97         |
|    value_loss           | 94.2         |
------------------------------------------
------------------------------------------
| time/                   |              |
|    fps                  | 0            |
|    iterations           | 21           |
|    time_elapsed         | 12323        |
|    total_timesteps      | 10752        |
| train/                  |              |
|    approx_kl            | 0.0048439936 |
|    clip_fraction        | 0.0219       |
|    clip_range           | 0.2          |
|    entropy_loss         | -4.16        |
|    explained_variance   | -5.23e-05    |
|    learning_rate        | 0.0003       |
|    loss                 | 28.8         |
|    n_updates            | 200          |
|    policy_gradient_loss | -0.00159     |
|    std                  | 0.966        |
|    value_loss           | 89.4         |
------------------------------------------
------------------------------------------
| time/                   |              |
|    fps                  | 0            |
|    iterations           | 22           |
|    time_elapsed         | 12899        |
|    total_timesteps      | 11264        |
| train/                  |              |
|    approx_kl            | 0.0054025175 |
|    clip_fraction        | 0.0254       |
|    clip_range           | 0.2          |
|    entropy_loss         | -4.14        |
|    explained_variance   | -5.01e-05    |
|    learning_rate        | 0.0003       |
|    loss                 | 39.7         |
|    n_updates            | 210          |
|    policy_gradient_loss | -0.00173     |
|    std                  | 0.96         |
|    value_loss           | 84.8         |
------------------------------------------
------------------------------------------
| time/                   |              |
|    fps                  | 0            |
|    iterations           | 23           |
|    time_elapsed         | 13478        |
|    total_timesteps      | 11776        |
| train/                  |              |
|    approx_kl            | 0.0062457067 |
|    clip_fraction        | 0.0486       |
|    clip_range           | 0.2          |
|    entropy_loss         | -4.13        |
|    explained_variance   | -4.83e-05    |
|    learning_rate        | 0.0003       |
|    loss                 | 36.2         |
|    n_updates            | 220          |
|    policy_gradient_loss | -0.00524     |
|    std                  | 0.956        |
|    value_loss           | 80.3         |
------------------------------------------
-----------------------------------------
| time/                   |             |
|    fps                  | 0           |
|    iterations           | 24          |
|    time_elapsed         | 14054       |
|    total_timesteps      | 12288       |
| train/                  |             |
|    approx_kl            | 0.004451899 |
|    clip_fraction        | 0.0398      |
|    clip_range           | 0.2         |
|    entropy_loss         | -4.12       |
|    explained_variance   | -4.7e-05    |
|    learning_rate        | 0.0003      |
|    loss                 | 35.3        |
|    n_updates            | 230         |
|    policy_gradient_loss | -0.000982   |
|    std                  | 0.954       |
|    value_loss           | 75.8        |
-----------------------------------------
------------------------------------------
| time/                   |              |
|    fps                  | 0            |
|    iterations           | 25           |
|    time_elapsed         | 14625        |
|    total_timesteps      | 12800        |
| train/                  |              |
|    approx_kl            | 0.0038533413 |
|    clip_fraction        | 0.0141       |
|    clip_range           | 0.2          |
|    entropy_loss         | -4.12        |
|    explained_variance   | -4.55e-05    |
|    learning_rate        | 0.0003       |
|    loss                 | 32.6         |
|    n_updates            | 240          |
|    policy_gradient_loss | -0.00339     |
|    std                  | 0.96         |
|    value_loss           | 71.6         |
------------------------------------------
------------------------------------------
| time/                   |              |
|    fps                  | 0            |
|    iterations           | 26           |
|    time_elapsed         | 15206        |
|    total_timesteps      | 13312        |
| train/                  |              |
|    approx_kl            | 0.0046902453 |
|    clip_fraction        | 0.0486       |
|    clip_range           | 0.2          |
|    entropy_loss         | -4.14        |
|    explained_variance   | -4.32e-05    |
|    learning_rate        | 0.0003       |
|    loss                 | 30.8         |
|    n_updates            | 250          |
|    policy_gradient_loss | 0.00306      |
|    std                  | 0.962        |
|    value_loss           | 67.4         |
------------------------------------------
------------------------------------------
| time/                   |              |
|    fps                  | 0            |
|    iterations           | 27           |
|    time_elapsed         | 15779        |
|    total_timesteps      | 13824        |
| train/                  |              |
|    approx_kl            | 0.0054271054 |
|    clip_fraction        | 0.0326       |
|    clip_range           | 0.2          |
|    entropy_loss         | -4.13        |
|    explained_variance   | -4.26e-05    |
|    learning_rate        | 0.0003       |
|    loss                 | 28.4         |
|    n_updates            | 260          |
|    policy_gradient_loss | -0.0232      |
|    std                  | 0.957        |
|    value_loss           | 63.4         |
------------------------------------------
-----------------------------------------
| time/                   |             |
|    fps                  | 0           |
|    iterations           | 28          |
|    time_elapsed         | 16355       |
|    total_timesteps      | 14336       |
| train/                  |             |
|    approx_kl            | 0.002595256 |
|    clip_fraction        | 0.000195    |
|    clip_range           | 0.2         |
|    entropy_loss         | -4.12       |
|    explained_variance   | -4.16e-05   |
|    learning_rate        | 0.0003      |
|    loss                 | 26.9        |
|    n_updates            | 270         |
|    policy_gradient_loss | -0.000437   |
|    std                  | 0.952       |
|    value_loss           | 59.5        |
-----------------------------------------
------------------------------------------
| time/                   |              |
|    fps                  | 0            |
|    iterations           | 29           |
|    time_elapsed         | 16928        |
|    total_timesteps      | 14848        |
| train/                  |              |
|    approx_kl            | 0.0067248205 |
|    clip_fraction        | 0.0621       |
|    clip_range           | 0.2          |
|    entropy_loss         | -4.1         |
|    explained_variance   | -4.09e-05    |
|    learning_rate        | 0.0003       |
|    loss                 | 25.1         |
|    n_updates            | 280          |
|    policy_gradient_loss | -0.00329     |
|    std                  | 0.945        |
|    value_loss           | 55.7         |
------------------------------------------
------------------------------------------
| time/                   |              |
|    fps                  | 0            |
|    iterations           | 30           |
|    time_elapsed         | 17505        |
|    total_timesteps      | 15360        |
| train/                  |              |
|    approx_kl            | 0.0006815981 |
|    clip_fraction        | 0.0154       |
|    clip_range           | 0.2          |
|    entropy_loss         | -4.09        |
|    explained_variance   | -4.08e-05    |
|    learning_rate        | 0.0003       |
|    loss                 | 13.8         |
|    n_updates            | 290          |
|    policy_gradient_loss | -0.0161      |
|    std                  | 0.946        |
|    value_loss           | 52           |
------------------------------------------
------------------------------------------
| time/                   |              |
|    fps                  | 0            |
|    iterations           | 31           |
|    time_elapsed         | 18080        |
|    total_timesteps      | 15872        |
| train/                  |              |
|    approx_kl            | 0.0041200933 |
|    clip_fraction        | 0.0225       |
|    clip_range           | 0.2          |
|    entropy_loss         | -4.08        |
|    explained_variance   | -3.98e-05    |
|    learning_rate        | 0.0003       |
|    loss                 | 21.5         |
|    n_updates            | 300          |
|    policy_gradient_loss | -0.00468     |
|    std                  | 0.94         |
|    value_loss           | 48.5         |
------------------------------------------
-----------------------------------------
| time/                   |             |
|    fps                  | 0           |
|    iterations           | 32          |
|    time_elapsed         | 18655       |
|    total_timesteps      | 16384       |
| train/                  |             |
|    approx_kl            | 0.005872625 |
|    clip_fraction        | 0.0354      |
|    clip_range           | 0.2         |
|    entropy_loss         | -4.07       |
|    explained_variance   | -3.91e-05   |
|    learning_rate        | 0.0003      |
|    loss                 | 19.4        |
|    n_updates            | 310         |
|    policy_gradient_loss | 0.00381     |
|    std                  | 0.936       |
|    value_loss           | 45.1        |
-----------------------------------------
-------------------------------------------
| time/                   |               |
|    fps                  | 0             |
|    iterations           | 33            |
|    time_elapsed         | 19228         |
|    total_timesteps      | 16896         |
| train/                  |               |
|    approx_kl            | 0.00013700908 |
|    clip_fraction        | 0             |
|    clip_range           | 0.2           |
|    entropy_loss         | -4.05         |
|    explained_variance   | -3.84e-05     |
|    learning_rate        | 0.0003        |
|    loss                 | 18.2          |
|    n_updates            | 320           |
|    policy_gradient_loss | 0.00272       |
|    std                  | 0.933         |
|    value_loss           | 41.8          |
-------------------------------------------
------------------------------------------
| time/                   |              |
|    fps                  | 0            |
|    iterations           | 34           |
|    time_elapsed         | 19803        |
|    total_timesteps      | 17408        |
| train/                  |              |
|    approx_kl            | 0.0061069373 |
|    clip_fraction        | 0.0229       |
|    clip_range           | 0.2          |
|    entropy_loss         | -4.05        |
|    explained_variance   | -3.81e-05    |
|    learning_rate        | 0.0003       |
|    loss                 | 16.6         |
|    n_updates            | 330          |
|    policy_gradient_loss | 0.000921     |
|    std                  | 0.934        |
|    value_loss           | 38.7         |
------------------------------------------
------------------------------------------
| time/                   |              |
|    fps                  | 0            |
|    iterations           | 35           |
|    time_elapsed         | 20381        |
|    total_timesteps      | 17920        |
| train/                  |              |
|    approx_kl            | 0.0020053997 |
|    clip_fraction        | 0.000586     |
|    clip_range           | 0.2          |
|    entropy_loss         | -4.06        |
|    explained_variance   | -3.79e-05    |
|    learning_rate        | 0.0003       |
|    loss                 | 11.1         |
|    n_updates            | 340          |
|    policy_gradient_loss | -0.00135     |
|    std                  | 0.937        |
|    value_loss           | 35.6         |
------------------------------------------
------------------------------------------
| time/                   |              |
|    fps                  | 0            |
|    iterations           | 36           |
|    time_elapsed         | 20959        |
|    total_timesteps      | 18432        |
| train/                  |              |
|    approx_kl            | 0.0055005825 |
|    clip_fraction        | 0.0199       |
|    clip_range           | 0.2          |
|    entropy_loss         | -4.06        |
|    explained_variance   | -3.74e-05    |
|    learning_rate        | 0.0003       |
|    loss                 | 13.8         |
|    n_updates            | 350          |
|    policy_gradient_loss | -0.00281     |
|    std                  | 0.934        |
|    value_loss           | 32.7         |
------------------------------------------
----------------------------------------
| time/                   |            |
|    fps                  | 0          |
|    iterations           | 37         |
|    time_elapsed         | 21533      |
|    total_timesteps      | 18944      |
| train/                  |            |
|    approx_kl            | 0.00858455 |
|    clip_fraction        | 0.0766     |
|    clip_range           | 0.2        |
|    entropy_loss         | -4.05      |
|    explained_variance   | -3.74e-05  |
|    learning_rate        | 0.0003     |
|    loss                 | 10.5       |
|    n_updates            | 360        |
|    policy_gradient_loss | -0.00853   |
|    std                  | 0.935      |
|    value_loss           | 30         |
----------------------------------------
----------------------------------------
| time/                   |            |
|    fps                  | 0          |
|    iterations           | 38         |
|    time_elapsed         | 22112      |
|    total_timesteps      | 19456      |
| train/                  |            |
|    approx_kl            | 0.00406982 |
|    clip_fraction        | 0.0635     |
|    clip_range           | 0.2        |
|    entropy_loss         | -4.06      |
|    explained_variance   | -3.74e-05  |
|    learning_rate        | 0.0003     |
|    loss                 | 11.1       |
|    n_updates            | 370        |
|    policy_gradient_loss | -0.00265   |
|    std                  | 0.936      |
|    value_loss           | 27.3       |
----------------------------------------
-----------------------------------------
| time/                   |             |
|    fps                  | 0           |
|    iterations           | 39          |
|    time_elapsed         | 22691       |
|    total_timesteps      | 19968       |
| train/                  |             |
|    approx_kl            | 0.007904059 |
|    clip_fraction        | 0.0973      |
|    clip_range           | 0.2         |
|    entropy_loss         | -4.05       |
|    explained_variance   | -3.61e-05   |
|    learning_rate        | 0.0003      |
|    loss                 | 7.59        |
|    n_updates            | 380         |
|    policy_gradient_loss | 0.00571     |
|    std                  | 0.931       |
|    value_loss           | 24.8        |
-----------------------------------------
------------------------------------------
| time/                   |              |
|    fps                  | 0            |
|    iterations           | 40           |
|    time_elapsed         | 23268        |
|    total_timesteps      | 20480        |
| train/                  |              |
|    approx_kl            | 0.0068509774 |
|    clip_fraction        | 0.0441       |
|    clip_range           | 0.2          |
|    entropy_loss         | -4.04        |
|    explained_variance   | -3.65e-05    |
|    learning_rate        | 0.0003       |
|    loss                 | 8.8          |
|    n_updates            | 390          |
|    policy_gradient_loss | -0.00919     |
|    std                  | 0.928        |
|    value_loss           | 22.4         |
------------------------------------------
-----------------------------------------
| time/                   |             |
|    fps                  | 0           |
|    iterations           | 41          |
|    time_elapsed         | 23842       |
|    total_timesteps      | 20992       |
| train/                  |             |
|    approx_kl            | 0.002236654 |
|    clip_fraction        | 0.00293     |
|    clip_range           | 0.2         |
|    entropy_loss         | -4.02       |
|    explained_variance   | -3.4e-05    |
|    learning_rate        | 0.0003      |
|    loss                 | 7.74        |
|    n_updates            | 400         |
|    policy_gradient_loss | -0.0145     |
|    std                  | 0.924       |
|    value_loss           | 20.3        |
-----------------------------------------
------------------------------------------
| time/                   |              |
|    fps                  | 0            |
|    iterations           | 42           |
|    time_elapsed         | 24416        |
|    total_timesteps      | 21504        |
| train/                  |              |
|    approx_kl            | 0.0046036565 |
|    clip_fraction        | 0.0428       |
|    clip_range           | 0.2          |
|    entropy_loss         | -4.02        |
|    explained_variance   | -3.36e-05    |
|    learning_rate        | 0.0003       |
|    loss                 | 6.74         |
|    n_updates            | 410          |
|    policy_gradient_loss | 0.014        |
|    std                  | 0.921        |
|    value_loss           | 18.3         |
------------------------------------------
-----------------------------------------
| time/                   |             |
|    fps                  | 0           |
|    iterations           | 43          |
|    time_elapsed         | 24995       |
|    total_timesteps      | 22016       |
| train/                  |             |
|    approx_kl            | 0.004787042 |
|    clip_fraction        | 0.0229      |
|    clip_range           | 0.2         |
|    entropy_loss         | -4          |
|    explained_variance   | 0.000393    |
|    learning_rate        | 0.0003      |
|    loss                 | 5.89        |
|    n_updates            | 420         |
|    policy_gradient_loss | 0.0332      |
|    std                  | 0.917       |
|    value_loss           | 16.4        |
-----------------------------------------
------------------------------------------
| time/                   |              |
|    fps                  | 0            |
|    iterations           | 44           |
|    time_elapsed         | 25539        |
|    total_timesteps      | 22528        |
| train/                  |              |
|    approx_kl            | 0.0028800257 |
|    clip_fraction        | 0.00449      |
|    clip_range           | 0.2          |
|    entropy_loss         | -3.99        |
|    explained_variance   | 0.000206     |
|    learning_rate        | 0.0003       |
|    loss                 | 4.96         |
|    n_updates            | 430          |
|    policy_gradient_loss | 0.014        |
|    std                  | 0.912        |
|    value_loss           | 14.3         |
------------------------------------------
-----------------------------------------
| time/                   |             |
|    fps                  | 0           |
|    iterations           | 45          |
|    time_elapsed         | 25949       |
|    total_timesteps      | 23040       |
| train/                  |             |
|    approx_kl            | 0.009385012 |
|    clip_fraction        | 0.065       |
|    clip_range           | 0.2         |
|    entropy_loss         | -3.96       |
|    explained_variance   | 7.65e-05    |
|    learning_rate        | 0.0003      |
|    loss                 | 4.16        |
|    n_updates            | 440         |
|    policy_gradient_loss | -0.00451    |
|    std                  | 0.904       |
|    value_loss           | 12.3        |
-----------------------------------------
------------------------------------------
| time/                   |              |
|    fps                  | 0            |
|    iterations           | 46           |
|    time_elapsed         | 26346        |
|    total_timesteps      | 23552        |
| train/                  |              |
|    approx_kl            | 0.0029595692 |
|    clip_fraction        | 0.00371      |
|    clip_range           | 0.2          |
|    entropy_loss         | -3.96        |
|    explained_variance   | 1.62e-05     |
|    learning_rate        | 0.0003       |
|    loss                 | 3.37         |
|    n_updates            | 450          |
|    policy_gradient_loss | -0.00821     |
|    std                  | 0.906        |
|    value_loss           | 10.6         |
------------------------------------------
-----------------------------------------
| time/                   |             |
|    fps                  | 0           |
|    iterations           | 47          |
|    time_elapsed         | 26741       |
|    total_timesteps      | 24064       |
| train/                  |             |
|    approx_kl            | 0.006197864 |
|    clip_fraction        | 0.0461      |
|    clip_range           | 0.2         |
|    entropy_loss         | -3.95       |
|    explained_variance   | -1.44e-05   |
|    learning_rate        | 0.0003      |
|    loss                 | 2.79        |
|    n_updates            | 460         |
|    policy_gradient_loss | 0.0142      |
|    std                  | 0.902       |
|    value_loss           | 8.98        |
-----------------------------------------
-----------------------------------------
| time/                   |             |
|    fps                  | 0           |
|    iterations           | 48          |
|    time_elapsed         | 27135       |
|    total_timesteps      | 24576       |
| train/                  |             |
|    approx_kl            | 0.005241397 |
|    clip_fraction        | 0.0621      |
|    clip_range           | 0.2         |
|    entropy_loss         | -3.94       |
|    explained_variance   | -3.04e-05   |
|    learning_rate        | 0.0003      |
|    loss                 | 2.2         |
|    n_updates            | 470         |
|    policy_gradient_loss | 0.0131      |
|    std                  | 0.898       |
|    value_loss           | 7.55        |
-----------------------------------------
-----------------------------------------
| time/                   |             |
|    fps                  | 0           |
|    iterations           | 49          |
|    time_elapsed         | 27532       |
|    total_timesteps      | 25088       |
| train/                  |             |
|    approx_kl            | 0.008952305 |
|    clip_fraction        | 0.102       |
|    clip_range           | 0.2         |
|    entropy_loss         | -3.93       |
|    explained_variance   | -3.93e-05   |
|    learning_rate        | 0.0003      |
|    loss                 | 1.69        |
|    n_updates            | 480         |
|    policy_gradient_loss | -0.00429    |
|    std                  | 0.895       |
|    value_loss           | 6.26        |
-----------------------------------------
------------------------------------------
| time/                   |              |
|    fps                  | 0            |
|    iterations           | 50           |
|    time_elapsed         | 27928        |
|    total_timesteps      | 25600        |
| train/                  |              |
|    approx_kl            | 0.0084254425 |
|    clip_fraction        | 0.0387       |
|    clip_range           | 0.2          |
|    entropy_loss         | -3.93        |
|    explained_variance   | -4.57e-05    |
|    learning_rate        | 0.0003       |
|    loss                 | 0.667        |
|    n_updates            | 490          |
|    policy_gradient_loss | -0.0051      |
|    std                  | 0.902        |
|    value_loss           | 5.09         |
------------------------------------------
------------------------------------------
| time/                   |              |
|    fps                  | 0            |
|    iterations           | 51           |
|    time_elapsed         | 28323        |
|    total_timesteps      | 26112        |
| train/                  |              |
|    approx_kl            | 0.0025009224 |
|    clip_fraction        | 0.00703      |
|    clip_range           | 0.2          |
|    entropy_loss         | -3.94        |
|    explained_variance   | -5.17e-05    |
|    learning_rate        | 0.0003       |
|    loss                 | 0.849        |
|    n_updates            | 500          |
|    policy_gradient_loss | 0.0193       |
|    std                  | 0.9          |
|    value_loss           | 4.05         |
------------------------------------------
------------------------------------------
| time/                   |              |
|    fps                  | 0            |
|    iterations           | 52           |
|    time_elapsed         | 28719        |
|    total_timesteps      | 26624        |
| train/                  |              |
|    approx_kl            | 0.0024602134 |
|    clip_fraction        | 0.0041       |
|    clip_range           | 0.2          |
|    entropy_loss         | -3.93        |
|    explained_variance   | -5.61e-05    |
|    learning_rate        | 0.0003       |
|    loss                 | 0.275        |
|    n_updates            | 510          |
|    policy_gradient_loss | 0.000933     |
|    std                  | 0.895        |
|    value_loss           | 3.14         |
------------------------------------------
-----------------------------------------
| time/                   |             |
|    fps                  | 0           |
|    iterations           | 53          |
|    time_elapsed         | 29114       |
|    total_timesteps      | 27136       |
| train/                  |             |
|    approx_kl            | 0.008855801 |
|    clip_fraction        | 0.0729      |
|    clip_range           | 0.2         |
|    entropy_loss         | -3.92       |
|    explained_variance   | -6.27e-05   |
|    learning_rate        | 0.0003      |
|    loss                 | 0.145       |
|    n_updates            | 520         |
|    policy_gradient_loss | -0.0136     |
|    std                  | 0.899       |
|    value_loss           | 2.35        |
-----------------------------------------
-----------------------------------------
| time/                   |             |
|    fps                  | 0           |
|    iterations           | 54          |
|    time_elapsed         | 29508       |
|    total_timesteps      | 27648       |
| train/                  |             |
|    approx_kl            | 0.009815491 |
|    clip_fraction        | 0.0625      |
|    clip_range           | 0.2         |
|    entropy_loss         | -3.93       |
|    explained_variance   | -8.09e-05   |
|    learning_rate        | 0.0003      |
|    loss                 | 0.14        |
|    n_updates            | 530         |
|    policy_gradient_loss | -0.00425    |
|    std                  | 0.894       |
|    value_loss           | 1.68        |
-----------------------------------------
------------------------------------------
| time/                   |              |
|    fps                  | 0            |
|    iterations           | 55           |
|    time_elapsed         | 29900        |
|    total_timesteps      | 28160        |
| train/                  |              |
|    approx_kl            | 0.0024168608 |
|    clip_fraction        | 0.0523       |
|    clip_range           | 0.2          |
|    entropy_loss         | -3.91        |
|    explained_variance   | -0.000138    |
|    learning_rate        | 0.0003       |
|    loss                 | 0.293        |
|    n_updates            | 540          |
|    policy_gradient_loss | 0.00618      |
|    std                  | 0.897        |
|    value_loss           | 1.15         |
------------------------------------------
-----------------------------------------
| time/                   |             |
|    fps                  | 0           |
|    iterations           | 56          |
|    time_elapsed         | 30294       |
|    total_timesteps      | 28672       |
| train/                  |             |
|    approx_kl            | 0.005479871 |
|    clip_fraction        | 0.0342      |
|    clip_range           | 0.2         |
|    entropy_loss         | -3.94       |
|    explained_variance   | -0.000132   |
|    learning_rate        | 0.0003      |
|    loss                 | -0.000958   |
|    n_updates            | 550         |
|    policy_gradient_loss | 0.0252      |
|    std                  | 0.9         |
|    value_loss           | 0.785       |
-----------------------------------------
-----------------------------------------
| time/                   |             |
|    fps                  | 0           |
|    iterations           | 57          |
|    time_elapsed         | 30687       |
|    total_timesteps      | 29184       |
| train/                  |             |
|    approx_kl            | 0.011551596 |
|    clip_fraction        | 0.117       |
|    clip_range           | 0.2         |
|    entropy_loss         | -3.93       |
|    explained_variance   | -0.000143   |
|    learning_rate        | 0.0003      |
|    loss                 | 0.0288      |
|    n_updates            | 560         |
|    policy_gradient_loss | 0.00152     |
|    std                  | 0.891       |
|    value_loss           | 0.494       |
-----------------------------------------
------------------------------------------
| time/                   |              |
|    fps                  | 0            |
|    iterations           | 58           |
|    time_elapsed         | 31080        |
|    total_timesteps      | 29696        |
| train/                  |              |
|    approx_kl            | 0.0064880885 |
|    clip_fraction        | 0.0707       |
|    clip_range           | 0.2          |
|    entropy_loss         | -3.9         |
|    explained_variance   | -0.000343    |
|    learning_rate        | 0.0003       |
|    loss                 | 0.0232       |
|    n_updates            | 570          |
|    policy_gradient_loss | -0.00723     |
|    std                  | 0.892        |
|    value_loss           | 0.335        |
------------------------------------------
------------------------------------------
| time/                   |              |
|    fps                  | 0            |
|    iterations           | 59           |
|    time_elapsed         | 31480        |
|    total_timesteps      | 30208        |
| train/                  |              |
|    approx_kl            | 0.0034380755 |
|    clip_fraction        | 0.0471       |
|    clip_range           | 0.2          |
|    entropy_loss         | -3.9         |
|    explained_variance   | -0.00151     |
|    learning_rate        | 0.0003       |
|    loss                 | 0.124        |
|    n_updates            | 580          |
|    policy_gradient_loss | 0.0226       |
|    std                  | 0.885        |
|    value_loss           | 0.245        |
------------------------------------------
------------------------------------------
| time/                   |              |
|    fps                  | 0            |
|    iterations           | 60           |
|    time_elapsed         | 31876        |
|    total_timesteps      | 30720        |
| train/                  |              |
|    approx_kl            | 0.0065599233 |
|    clip_fraction        | 0.0338       |
|    clip_range           | 0.2          |
|    entropy_loss         | -3.88        |
|    explained_variance   | -0.000562    |
|    learning_rate        | 0.0003       |
|    loss                 | -0.00835     |
|    n_updates            | 590          |
|    policy_gradient_loss | 0.00441      |
|    std                  | 0.886        |
|    value_loss           | 0.153        |
------------------------------------------
------------------------------------------
| time/                   |              |
|    fps                  | 0            |
|    iterations           | 61           |
|    time_elapsed         | 32270        |
|    total_timesteps      | 31232        |
| train/                  |              |
|    approx_kl            | 0.0013197539 |
|    clip_fraction        | 0.027        |
|    clip_range           | 0.2          |
|    entropy_loss         | -3.89        |
|    explained_variance   | -0.00067     |
|    learning_rate        | 0.0003       |
|    loss                 | 0.0221       |
|    n_updates            | 600          |
|    policy_gradient_loss | -0.00127     |
|    std                  | 0.885        |
|    value_loss           | 0.0875       |
------------------------------------------
-----------------------------------------
| time/                   |             |
|    fps                  | 0           |
|    iterations           | 62          |
|    time_elapsed         | 32664       |
|    total_timesteps      | 31744       |
| train/                  |             |
|    approx_kl            | 0.006571426 |
|    clip_fraction        | 0.0236      |
|    clip_range           | 0.2         |
|    entropy_loss         | -3.88       |
|    explained_variance   | -0.000534   |
|    learning_rate        | 0.0003      |
|    loss                 | 0.0344      |
|    n_updates            | 610         |
|    policy_gradient_loss | 0.00193     |
|    std                  | 0.881       |
|    value_loss           | 0.0569      |
-----------------------------------------
-----------------------------------------
| time/                   |             |
|    fps                  | 0           |
|    iterations           | 63          |
|    time_elapsed         | 33057       |
|    total_timesteps      | 32256       |
| train/                  |             |
|    approx_kl            | 0.003828726 |
|    clip_fraction        | 0.0189      |
|    clip_range           | 0.2         |
|    entropy_loss         | -3.88       |
|    explained_variance   | -0.00082    |
|    learning_rate        | 0.0003      |
|    loss                 | 0.00331     |
|    n_updates            | 620         |
|    policy_gradient_loss | -0.00098    |
|    std                  | 0.883       |
|    value_loss           | 0.0356      |
-----------------------------------------
------------------------------------------
| time/                   |              |
|    fps                  | 0            |
|    iterations           | 64           |
|    time_elapsed         | 33453        |
|    total_timesteps      | 32768        |
| train/                  |              |
|    approx_kl            | 0.0041952245 |
|    clip_fraction        | 0.0117       |
|    clip_range           | 0.2          |
|    entropy_loss         | -3.88        |
|    explained_variance   | -0.00114     |
|    learning_rate        | 0.0003       |
|    loss                 | -0.0149      |
|    n_updates            | 630          |
|    policy_gradient_loss | 0.000325     |
|    std                  | 0.888        |
|    value_loss           | 0.0225       |
------------------------------------------
------------------------------------------
| time/                   |              |
|    fps                  | 0            |
|    iterations           | 65           |
|    time_elapsed         | 33849        |
|    total_timesteps      | 33280        |
| train/                  |              |
|    approx_kl            | 0.0035441872 |
|    clip_fraction        | 0.0404       |
|    clip_range           | 0.2          |
|    entropy_loss         | -3.89        |
|    explained_variance   | -0.00122     |
|    learning_rate        | 0.0003       |
|    loss                 | 0.0157       |
|    n_updates            | 640          |
|    policy_gradient_loss | -0.00347     |
|    std                  | 0.885        |
|    value_loss           | 0.0151       |
------------------------------------------
------------------------------------------
| time/                   |              |
|    fps                  | 0            |
|    iterations           | 66           |
|    time_elapsed         | 34243        |
|    total_timesteps      | 33792        |
| train/                  |              |
|    approx_kl            | 0.0049266224 |
|    clip_fraction        | 0.0184       |
|    clip_range           | 0.2          |
|    entropy_loss         | -3.89        |
|    explained_variance   | -0.00198     |
|    learning_rate        | 0.0003       |
|    loss                 | 0.00795      |
|    n_updates            | 650          |
|    policy_gradient_loss | -0.000269    |
|    std                  | 0.887        |
|    value_loss           | 0.00987      |
------------------------------------------
-----------------------------------------
| time/                   |             |
|    fps                  | 0           |
|    iterations           | 67          |
|    time_elapsed         | 34639       |
|    total_timesteps      | 34304       |
| train/                  |             |
|    approx_kl            | 0.005649144 |
|    clip_fraction        | 0.0156      |
|    clip_range           | 0.2         |
|    entropy_loss         | -3.88       |
|    explained_variance   | -0.0193     |
|    learning_rate        | 0.0003      |
|    loss                 | -0.00566    |
|    n_updates            | 660         |
|    policy_gradient_loss | -0.00772    |
|    std                  | 0.883       |
|    value_loss           | 0.00637     |
-----------------------------------------
-----------------------------------------
| time/                   |             |
|    fps                  | 0           |
|    iterations           | 68          |
|    time_elapsed         | 35033       |
|    total_timesteps      | 34816       |
| train/                  |             |
|    approx_kl            | 0.005056722 |
|    clip_fraction        | 0.0447      |
|    clip_range           | 0.2         |
|    entropy_loss         | -3.87       |
|    explained_variance   | -0.00413    |
|    learning_rate        | 0.0003      |
|    loss                 | -0.017      |
|    n_updates            | 670         |
|    policy_gradient_loss | 0.000351    |
|    std                  | 0.88        |
|    value_loss           | 0.00426     |
-----------------------------------------
------------------------------------------
| time/                   |              |
|    fps                  | 0            |
|    iterations           | 69           |
|    time_elapsed         | 35428        |
|    total_timesteps      | 35328        |
| train/                  |              |
|    approx_kl            | 0.0076884255 |
|    clip_fraction        | 0.0504       |
|    clip_range           | 0.2          |
|    entropy_loss         | -3.87        |
|    explained_variance   | -0.0132      |
|    learning_rate        | 0.0003       |
|    loss                 | 0.00164      |
|    n_updates            | 680          |
|    policy_gradient_loss | -0.00161     |
|    std                  | 0.88         |
|    value_loss           | 0.00303      |
------------------------------------------
-----------------------------------------
| time/                   |             |
|    fps                  | 1           |
|    iterations           | 70          |
|    time_elapsed         | 35823       |
|    total_timesteps      | 35840       |
| train/                  |             |
|    approx_kl            | 0.004374028 |
|    clip_fraction        | 0.0377      |
|    clip_range           | 0.2         |
|    entropy_loss         | -3.88       |
|    explained_variance   | -0.0527     |
|    learning_rate        | 0.0003      |
|    loss                 | -0.0241     |
|    n_updates            | 690         |
|    policy_gradient_loss | 0.0187      |
|    std                  | 0.886       |
|    value_loss           | 0.00194     |
-----------------------------------------
------------------------------------------
| time/                   |              |
|    fps                  | 1            |
|    iterations           | 71           |
|    time_elapsed         | 36216        |
|    total_timesteps      | 36352        |
| train/                  |              |
|    approx_kl            | 0.0043390747 |
|    clip_fraction        | 0.0963       |
|    clip_range           | 0.2          |
|    entropy_loss         | -3.89        |
|    explained_variance   | -0.045       |
|    learning_rate        | 0.0003       |
|    loss                 | -0.0182      |
|    n_updates            | 700          |
|    policy_gradient_loss | 0.00436      |
|    std                  | 0.887        |
|    value_loss           | 0.00141      |
------------------------------------------
------------------------------------------
| time/                   |              |
|    fps                  | 1            |
|    iterations           | 72           |
|    time_elapsed         | 36608        |
|    total_timesteps      | 36864        |
| train/                  |              |
|    approx_kl            | 0.0033069388 |
|    clip_fraction        | 0.0578       |
|    clip_range           | 0.2          |
|    entropy_loss         | -3.9         |
|    explained_variance   | -0.146       |
|    learning_rate        | 0.0003       |
|    loss                 | -0.0215      |
|    n_updates            | 710          |
|    policy_gradient_loss | 0.0252       |
|    std                  | 0.892        |
|    value_loss           | 0.000934     |
------------------------------------------
-----------------------------------------
| time/                   |             |
|    fps                  | 1           |
|    iterations           | 73          |
|    time_elapsed         | 37004       |
|    total_timesteps      | 37376       |
| train/                  |             |
|    approx_kl            | 0.006912484 |
|    clip_fraction        | 0.0799      |
|    clip_range           | 0.2         |
|    entropy_loss         | -3.91       |
|    explained_variance   | -1.24       |
|    learning_rate        | 0.0003      |
|    loss                 | -0.135      |
|    n_updates            | 720         |
|    policy_gradient_loss | -0.00729    |
|    std                  | 0.894       |
|    value_loss           | 0.000677    |
-----------------------------------------
-----------------------------------------
| time/                   |             |
|    fps                  | 1           |
|    iterations           | 74          |
|    time_elapsed         | 37400       |
|    total_timesteps      | 37888       |
| train/                  |             |
|    approx_kl            | 0.012098366 |
|    clip_fraction        | 0.0836      |
|    clip_range           | 0.2         |
|    entropy_loss         | -3.91       |
|    explained_variance   | -0.0177     |
|    learning_rate        | 0.0003      |
|    loss                 | -0.00416    |
|    n_updates            | 730         |
|    policy_gradient_loss | -0.00893    |
|    std                  | 0.894       |
|    value_loss           | 0.000465    |
-----------------------------------------
-----------------------------------------
| time/                   |             |
|    fps                  | 1           |
|    iterations           | 75          |
|    time_elapsed         | 37793       |
|    total_timesteps      | 38400       |
| train/                  |             |
|    approx_kl            | 0.006340351 |
|    clip_fraction        | 0.0934      |
|    clip_range           | 0.2         |
|    entropy_loss         | -3.91       |
|    explained_variance   | -0.0116     |
|    learning_rate        | 0.0003      |
|    loss                 | 0.000908    |
|    n_updates            | 740         |
|    policy_gradient_loss | -0.0064     |
|    std                  | 0.89        |
|    value_loss           | 0.000294    |
-----------------------------------------
------------------------------------------
| time/                   |              |
|    fps                  | 1            |
|    iterations           | 76           |
|    time_elapsed         | 38185        |
|    total_timesteps      | 38912        |
| train/                  |              |
|    approx_kl            | 0.0042796023 |
|    clip_fraction        | 0.092        |
|    clip_range           | 0.2          |
|    entropy_loss         | -3.89        |
|    explained_variance   | -0.0221      |
|    learning_rate        | 0.0003       |
|    loss                 | -0.00406     |
|    n_updates            | 750          |
|    policy_gradient_loss | -0.0153      |
|    std                  | 0.884        |
|    value_loss           | 0.000193     |
------------------------------------------
-----------------------------------------
| time/                   |             |
|    fps                  | 1           |
|    iterations           | 77          |
|    time_elapsed         | 38581       |
|    total_timesteps      | 39424       |
| train/                  |             |
|    approx_kl            | 0.008256811 |
|    clip_fraction        | 0.117       |
|    clip_range           | 0.2         |
|    entropy_loss         | -3.88       |
|    explained_variance   | -2.8        |
|    learning_rate        | 0.0003      |
|    loss                 | 0.0109      |
|    n_updates            | 760         |
|    policy_gradient_loss | -0.00766    |
|    std                  | 0.882       |
|    value_loss           | 0.000206    |
-----------------------------------------
-----------------------------------------
| time/                   |             |
|    fps                  | 1           |
|    iterations           | 78          |
|    time_elapsed         | 38973       |
|    total_timesteps      | 39936       |
| train/                  |             |
|    approx_kl            | 0.011355853 |
|    clip_fraction        | 0.163       |
|    clip_range           | 0.2         |
|    entropy_loss         | -3.87       |
|    explained_variance   | -0.0359     |
|    learning_rate        | 0.0003      |
|    loss                 | -0.00295    |
|    n_updates            | 770         |
|    policy_gradient_loss | -0.0122     |
|    std                  | 0.88        |
|    value_loss           | 0.000111    |
-----------------------------------------
-----------------------------------------
| time/                   |             |
|    fps                  | 1           |
|    iterations           | 79          |
|    time_elapsed         | 39368       |
|    total_timesteps      | 40448       |
| train/                  |             |
|    approx_kl            | 0.008529348 |
|    clip_fraction        | 0.099       |
|    clip_range           | 0.2         |
|    entropy_loss         | -3.87       |
|    explained_variance   | -0.973      |
|    learning_rate        | 0.0003      |
|    loss                 | -0.0144     |
|    n_updates            | 780         |
|    policy_gradient_loss | -0.00928    |
|    std                  | 0.88        |
|    value_loss           | 8.9e-05     |
-----------------------------------------
------------------------------------------
| time/                   |              |
|    fps                  | 1            |
|    iterations           | 80           |
|    time_elapsed         | 39760        |
|    total_timesteps      | 40960        |
| train/                  |              |
|    approx_kl            | 0.0072566317 |
|    clip_fraction        | 0.0799       |
|    clip_range           | 0.2          |
|    entropy_loss         | -3.87        |
|    explained_variance   | -0.0923      |
|    learning_rate        | 0.0003       |
|    loss                 | 0.00193      |
|    n_updates            | 790          |
|    policy_gradient_loss | -0.00725     |
|    std                  | 0.879        |
|    value_loss           | 5.89e-05     |
------------------------------------------
-----------------------------------------
| time/                   |             |
|    fps                  | 1           |
|    iterations           | 81          |
|    time_elapsed         | 40154       |
|    total_timesteps      | 41472       |
| train/                  |             |
|    approx_kl            | 0.011148233 |
|    clip_fraction        | 0.133       |
|    clip_range           | 0.2         |
|    entropy_loss         | -3.87       |
|    explained_variance   | -0.0686     |
|    learning_rate        | 0.0003      |
|    loss                 | 0.000779    |
|    n_updates            | 800         |
|    policy_gradient_loss | -0.0124     |
|    std                  | 0.88        |
|    value_loss           | 4.01e-05    |
-----------------------------------------
------------------------------------------
| time/                   |              |
|    fps                  | 1            |
|    iterations           | 82           |
|    time_elapsed         | 40549        |
|    total_timesteps      | 41984        |
| train/                  |              |
|    approx_kl            | 0.0145786395 |
|    clip_fraction        | 0.168        |
|    clip_range           | 0.2          |
|    entropy_loss         | -3.86        |
|    explained_variance   | -0.308       |
|    learning_rate        | 0.0003       |
|    loss                 | -0.0197      |
|    n_updates            | 810          |
|    policy_gradient_loss | -0.011       |
|    std                  | 0.879        |
|    value_loss           | 2.52e-05     |
------------------------------------------
-----------------------------------------
| time/                   |             |
|    fps                  | 1           |
|    iterations           | 83          |
|    time_elapsed         | 40941       |
|    total_timesteps      | 42496       |
| train/                  |             |
|    approx_kl            | 0.007966981 |
|    clip_fraction        | 0.108       |
|    clip_range           | 0.2         |
|    entropy_loss         | -3.86       |
|    explained_variance   | -0.0946     |
|    learning_rate        | 0.0003      |
|    loss                 | 0.00103     |
|    n_updates            | 820         |
|    policy_gradient_loss | -0.00937    |
|    std                  | 0.877       |
|    value_loss           | 2e-05       |
-----------------------------------------
-----------------------------------------
| time/                   |             |
|    fps                  | 1           |
|    iterations           | 84          |
|    time_elapsed         | 41336       |
|    total_timesteps      | 43008       |
| train/                  |             |
|    approx_kl            | 0.011723493 |
|    clip_fraction        | 0.131       |
|    clip_range           | 0.2         |
|    entropy_loss         | -3.86       |
|    explained_variance   | -7.77       |
|    learning_rate        | 0.0003      |
|    loss                 | 0.0235      |
|    n_updates            | 830         |
|    policy_gradient_loss | -0.0109     |
|    std                  | 0.877       |
|    value_loss           | 3e-05       |
-----------------------------------------
-----------------------------------------
| time/                   |             |
|    fps                  | 1           |
|    iterations           | 85          |
|    time_elapsed         | 41730       |
|    total_timesteps      | 43520       |
| train/                  |             |
|    approx_kl            | 0.019976836 |
|    clip_fraction        | 0.128       |
|    clip_range           | 0.2         |
|    entropy_loss         | -3.85       |
|    explained_variance   | -4.47       |
|    learning_rate        | 0.0003      |
|    loss                 | -0.0325     |
|    n_updates            | 840         |
|    policy_gradient_loss | -0.0132     |
|    std                  | 0.874       |
|    value_loss           | 0.00043     |
-----------------------------------------
------------------------------------------
| time/                   |              |
|    fps                  | 1            |
|    iterations           | 86           |
|    time_elapsed         | 42126        |
|    total_timesteps      | 44032        |
| train/                  |              |
|    approx_kl            | 0.0100747775 |
|    clip_fraction        | 0.127        |
|    clip_range           | 0.2          |
|    entropy_loss         | -3.84        |
|    explained_variance   | -1.39        |
|    learning_rate        | 0.0003       |
|    loss                 | 0.0128       |
|    n_updates            | 850          |
|    policy_gradient_loss | -0.00191     |
|    std                  | 0.875        |
|    value_loss           | 1.26e-05     |
------------------------------------------
-----------------------------------------
| time/                   |             |
|    fps                  | 1           |
|    iterations           | 87          |
|    time_elapsed         | 42522       |
|    total_timesteps      | 44544       |
| train/                  |             |
|    approx_kl            | 0.012737066 |
|    clip_fraction        | 0.0914      |
|    clip_range           | 0.2         |
|    entropy_loss         | -3.85       |
|    explained_variance   | -1.44       |
|    learning_rate        | 0.0003      |
|    loss                 | 0.054       |
|    n_updates            | 860         |
|    policy_gradient_loss | -0.000151   |
|    std                  | 0.875       |
|    value_loss           | 7.2e-06     |
-----------------------------------------
-----------------------------------------
| time/                   |             |
|    fps                  | 1           |
|    iterations           | 88          |
|    time_elapsed         | 42917       |
|    total_timesteps      | 45056       |
| train/                  |             |
|    approx_kl            | 0.009675045 |
|    clip_fraction        | 0.0928      |
|    clip_range           | 0.2         |
|    entropy_loss         | -3.85       |
|    explained_variance   | -3.79       |
|    learning_rate        | 0.0003      |
|    loss                 | 1.29e-08    |
|    n_updates            | 870         |
|    policy_gradient_loss | -0.00483    |
|    std                  | 0.878       |
|    value_loss           | 8.21e-06    |
-----------------------------------------
------------------------------------------
| time/                   |              |
|    fps                  | 1            |
|    iterations           | 89           |
|    time_elapsed         | 43310        |
|    total_timesteps      | 45568        |
| train/                  |              |
|    approx_kl            | 0.0067672804 |
|    clip_fraction        | 0.0541       |
|    clip_range           | 0.2          |
|    entropy_loss         | -3.86        |
|    explained_variance   | -1.28        |
|    learning_rate        | 0.0003       |
|    loss                 | 1.82e-08     |
|    n_updates            | 880          |
|    policy_gradient_loss | -0.00231     |
|    std                  | 0.878        |
|    value_loss           | 3.92e-06     |
------------------------------------------
-----------------------------------------
| time/                   |             |
|    fps                  | 1           |
|    iterations           | 90          |
|    time_elapsed         | 43704       |
|    total_timesteps      | 46080       |
| train/                  |             |
|    approx_kl            | 0.016684823 |
|    clip_fraction        | 0.117       |
|    clip_range           | 0.2         |
|    entropy_loss         | -3.85       |
|    explained_variance   | -0.351      |
|    learning_rate        | 0.0003      |
|    loss                 | -0.00659    |
|    n_updates            | 890         |
|    policy_gradient_loss | -0.0148     |
|    std                  | 0.873       |
|    value_loss           | 1.88e-06    |
-----------------------------------------
-----------------------------------------
| time/                   |             |
|    fps                  | 1           |
|    iterations           | 91          |
|    time_elapsed         | 44100       |
|    total_timesteps      | 46592       |
| train/                  |             |
|    approx_kl            | 0.007796947 |
|    clip_fraction        | 0.0822      |
|    clip_range           | 0.2         |
|    entropy_loss         | -3.84       |
|    explained_variance   | -0.281      |
|    learning_rate        | 0.0003      |
|    loss                 | 0.0227      |
|    n_updates            | 900         |
|    policy_gradient_loss | -0.00803    |
|    std                  | 0.872       |
|    value_loss           | 1.42e-06    |
-----------------------------------------
-----------------------------------------
| time/                   |             |
|    fps                  | 1           |
|    iterations           | 92          |
|    time_elapsed         | 44496       |
|    total_timesteps      | 47104       |
| train/                  |             |
|    approx_kl            | 0.019770846 |
|    clip_fraction        | 0.121       |
|    clip_range           | 0.2         |
|    entropy_loss         | -3.83       |
|    explained_variance   | -66         |
|    learning_rate        | 0.0003      |
|    loss                 | -0.0248     |
|    n_updates            | 910         |
|    policy_gradient_loss | -0.011      |
|    std                  | 0.87        |
|    value_loss           | 1.35e-05    |
-----------------------------------------
-----------------------------------------
| time/                   |             |
|    fps                  | 1           |
|    iterations           | 93          |
|    time_elapsed         | 44890       |
|    total_timesteps      | 47616       |
| train/                  |             |
|    approx_kl            | 0.011267469 |
|    clip_fraction        | 0.074       |
|    clip_range           | 0.2         |
|    entropy_loss         | -3.83       |
|    explained_variance   | -44.1       |
|    learning_rate        | 0.0003      |
|    loss                 | -0.0108     |
|    n_updates            | 920         |
|    policy_gradient_loss | -0.00456    |
|    std                  | 0.871       |
|    value_loss           | 1.02e-05    |
-----------------------------------------
--------------------------------------
| time/                   |          |
|    fps                  | 1        |
|    iterations           | 94       |
|    time_elapsed         | 45284    |
|    total_timesteps      | 48128    |
| train/                  |          |
|    approx_kl            | 0.023818 |
|    clip_fraction        | 0.133    |
|    clip_range           | 0.2      |
|    entropy_loss         | -3.83    |
|    explained_variance   | -0.833   |
|    learning_rate        | 0.0003   |
|    loss                 | 0.0077   |
|    n_updates            | 930      |
|    policy_gradient_loss | -0.00958 |
|    std                  | 0.87     |
|    value_loss           | 6.02e-07 |
--------------------------------------
-----------------------------------------
| time/                   |             |
|    fps                  | 1           |
|    iterations           | 95          |
|    time_elapsed         | 45679       |
|    total_timesteps      | 48640       |
| train/                  |             |
|    approx_kl            | 0.018472787 |
|    clip_fraction        | 0.0896      |
|    clip_range           | 0.2         |
|    entropy_loss         | -3.83       |
|    explained_variance   | -21.2       |
|    learning_rate        | 0.0003      |
|    loss                 | 0.00178     |
|    n_updates            | 940         |
|    policy_gradient_loss | -0.00898    |
|    std                  | 0.869       |
|    value_loss           | 1.39e-06    |
-----------------------------------------
-----------------------------------------
| time/                   |             |
|    fps                  | 1           |
|    iterations           | 96          |
|    time_elapsed         | 46072       |
|    total_timesteps      | 49152       |
| train/                  |             |
|    approx_kl            | 0.011781521 |
|    clip_fraction        | 0.0945      |
|    clip_range           | 0.2         |
|    entropy_loss         | -3.82       |
|    explained_variance   | -85.6       |
|    learning_rate        | 0.0003      |
|    loss                 | -0.021      |
|    n_updates            | 950         |
|    policy_gradient_loss | -0.00801    |
|    std                  | 0.868       |
|    value_loss           | 6.34e-06    |
-----------------------------------------
---------------------------------------
| time/                   |           |
|    fps                  | 1         |
|    iterations           | 97        |
|    time_elapsed         | 46468     |
|    total_timesteps      | 49664     |
| train/                  |           |
|    approx_kl            | 0.0106587 |
|    clip_fraction        | 0.0859    |
|    clip_range           | 0.2       |
|    entropy_loss         | -3.82     |
|    explained_variance   | -3.76     |
|    learning_rate        | 0.0003    |
|    loss                 | -0.0259   |
|    n_updates            | 960       |
|    policy_gradient_loss | -0.0123   |
|    std                  | 0.866     |
|    value_loss           | 4.06e-07  |
---------------------------------------
-----------------------------------------
| time/                   |             |
|    fps                  | 1           |
|    iterations           | 98          |
|    time_elapsed         | 46861       |
|    total_timesteps      | 50176       |
| train/                  |             |
|    approx_kl            | 0.015834155 |
|    clip_fraction        | 0.113       |
|    clip_range           | 0.2         |
|    entropy_loss         | -3.81       |
|    explained_variance   | -57.1       |
|    learning_rate        | 0.0003      |
|    loss                 | -0.0125     |
|    n_updates            | 970         |
|    policy_gradient_loss | -0.0137     |
|    std                  | 0.863       |
|    value_loss           | 1.36e-06    |
-----------------------------------------
---------------------------------------
| time/                   |           |
|    fps                  | 1         |
|    iterations           | 99        |
|    time_elapsed         | 47255     |
|    total_timesteps      | 50688     |
| train/                  |           |
|    approx_kl            | 0.0166605 |
|    clip_fraction        | 0.0969    |
|    clip_range           | 0.2       |
|    entropy_loss         | -3.81     |
|    explained_variance   | -11.8     |
|    learning_rate        | 0.0003    |
|    loss                 | -0.0223   |
|    n_updates            | 980       |
|    policy_gradient_loss | -0.0122   |
|    std                  | 0.866     |
|    value_loss           | 2.94e-07  |
---------------------------------------
------------------------------------------
| time/                   |              |
|    fps                  | 1            |
|    iterations           | 100          |
|    time_elapsed         | 47651        |
|    total_timesteps      | 51200        |
| train/                  |              |
|    approx_kl            | 0.0102658775 |
|    clip_fraction        | 0.0627       |
|    clip_range           | 0.2          |
|    entropy_loss         | -3.82        |
|    explained_variance   | -32.2        |
|    learning_rate        | 0.0003       |
|    loss                 | -0.039       |
|    n_updates            | 990          |
|    policy_gradient_loss | -0.0071      |
|    std                  | 0.867        |
|    value_loss           | 7.41e-07     |
------------------------------------------
-----------------------------------------
| time/                   |             |
|    fps                  | 1           |
|    iterations           | 101         |
|    time_elapsed         | 48044       |
|    total_timesteps      | 51712       |
| train/                  |             |
|    approx_kl            | 0.011213556 |
|    clip_fraction        | 0.0822      |
|    clip_range           | 0.2         |
|    entropy_loss         | -3.82       |
|    explained_variance   | -193        |
|    learning_rate        | 0.0003      |
|    loss                 | -0.00524    |
|    n_updates            | 1000        |
|    policy_gradient_loss | -0.00848    |
|    std                  | 0.869       |
|    value_loss           | 2.6e-06     |
-----------------------------------------
------------------------------------------
| time/                   |              |
|    fps                  | 1            |
|    iterations           | 102          |
|    time_elapsed         | 48438        |
|    total_timesteps      | 52224        |
| train/                  |              |
|    approx_kl            | 0.0114246765 |
|    clip_fraction        | 0.0805       |
|    clip_range           | 0.2          |
|    entropy_loss         | -3.82        |
|    explained_variance   | -36.5        |
|    learning_rate        | 0.0003       |
|    loss                 | 0.00513      |
|    n_updates            | 1010         |
|    policy_gradient_loss | -0.00678     |
|    std                  | 0.868        |
|    value_loss           | 3.26e-07     |
------------------------------------------
-----------------------------------------
| time/                   |             |
|    fps                  | 1           |
|    iterations           | 103         |
|    time_elapsed         | 48834       |
|    total_timesteps      | 52736       |
| train/                  |             |
|    approx_kl            | 0.011778661 |
|    clip_fraction        | 0.0713      |
|    clip_range           | 0.2         |
|    entropy_loss         | -3.82       |
|    explained_variance   | -96.2       |
|    learning_rate        | 0.0003      |
|    loss                 | -0.000239   |
|    n_updates            | 1020        |
|    policy_gradient_loss | -0.00875    |
|    std                  | 0.868       |
|    value_loss           | 6.6e-07     |
-----------------------------------------
-----------------------------------------
| time/                   |             |
|    fps                  | 1           |
|    iterations           | 104         |
|    time_elapsed         | 49228       |
|    total_timesteps      | 53248       |
| train/                  |             |
|    approx_kl            | 0.018627614 |
|    clip_fraction        | 0.0447      |
|    clip_range           | 0.2         |
|    entropy_loss         | -3.82       |
|    explained_variance   | -90.7       |
|    learning_rate        | 0.0003      |
|    loss                 | -0.00902    |
|    n_updates            | 1030        |
|    policy_gradient_loss | -0.00294    |
|    std                  | 0.868       |
|    value_loss           | 2.68e-07    |
-----------------------------------------
----------------------------------------
| time/                   |            |
|    fps                  | 1          |
|    iterations           | 105        |
|    time_elapsed         | 49622      |
|    total_timesteps      | 53760      |
| train/                  |            |
|    approx_kl            | 0.27555385 |
|    clip_fraction        | 0.196      |
|    clip_range           | 0.2        |
|    entropy_loss         | -3.82      |
|    explained_variance   | -2.69e+03  |
|    learning_rate        | 0.0003     |
|    loss                 | 0.0153     |
|    n_updates            | 1040       |
|    policy_gradient_loss | 0.001      |
|    std                  | 0.867      |
|    value_loss           | 6.11e-06   |
----------------------------------------
-----------------------------------------
| time/                   |             |
|    fps                  | 1           |
|    iterations           | 106         |
|    time_elapsed         | 50019       |
|    total_timesteps      | 54272       |
| train/                  |             |
|    approx_kl            | 0.015754275 |
|    clip_fraction        | 0.113       |
|    clip_range           | 0.2         |
|    entropy_loss         | -3.81       |
|    explained_variance   | -75.5       |
|    learning_rate        | 0.0003      |
|    loss                 | 0.00602     |
|    n_updates            | 1050        |
|    policy_gradient_loss | -0.0082     |
|    std                  | 0.863       |
|    value_loss           | 1.76e-07    |
-----------------------------------------
-----------------------------------------
| time/                   |             |
|    fps                  | 1           |
|    iterations           | 107         |
|    time_elapsed         | 50416       |
|    total_timesteps      | 54784       |
| train/                  |             |
|    approx_kl            | 0.037231985 |
|    clip_fraction        | 0.114       |
|    clip_range           | 0.2         |
|    entropy_loss         | -3.8        |
|    explained_variance   | -6.46e+03   |
|    learning_rate        | 0.0003      |
|    loss                 | -0.0106     |
|    n_updates            | 1060        |
|    policy_gradient_loss | 0.00477     |
|    std                  | 0.863       |
|    value_loss           | 3.27e-06    |
-----------------------------------------
----------------------------------------
| time/                   |            |
|    fps                  | 1          |
|    iterations           | 108        |
|    time_elapsed         | 50810      |
|    total_timesteps      | 55296      |
| train/                  |            |
|    approx_kl            | 0.03201521 |
|    clip_fraction        | 0.109      |
|    clip_range           | 0.2        |
|    entropy_loss         | -3.8       |
|    explained_variance   | -3.84e+03  |
|    learning_rate        | 0.0003     |
|    loss                 | 0.00032    |
|    n_updates            | 1070       |
|    policy_gradient_loss | -0.00201   |
|    std                  | 0.863      |
|    value_loss           | 1.9e-06    |
----------------------------------------
-----------------------------------------
| time/                   |             |
|    fps                  | 1           |
|    iterations           | 109         |
|    time_elapsed         | 51209       |
|    total_timesteps      | 55808       |
| train/                  |             |
|    approx_kl            | 0.028959565 |
|    clip_fraction        | 0.193       |
|    clip_range           | 0.2         |
|    entropy_loss         | -3.8        |
|    explained_variance   | -3.78e+03   |
|    learning_rate        | 0.0003      |
|    loss                 | 0.0108      |
|    n_updates            | 1080        |
|    policy_gradient_loss | 0.0116      |
|    std                  | 0.862       |
|    value_loss           | 2.47e-06    |
-----------------------------------------
-----------------------------------------
| time/                   |             |
|    fps                  | 1           |
|    iterations           | 110         |
|    time_elapsed         | 51606       |
|    total_timesteps      | 56320       |
| train/                  |             |
|    approx_kl            | 0.021302015 |
|    clip_fraction        | 0.19        |
|    clip_range           | 0.2         |
|    entropy_loss         | -3.8        |
|    explained_variance   | -266        |
|    learning_rate        | 0.0003      |
|    loss                 | -0.00746    |
|    n_updates            | 1090        |
|    policy_gradient_loss | -0.00437    |
|    std                  | 0.859       |
|    value_loss           | 1.46e-07    |
-----------------------------------------
----------------------------------------
| time/                   |            |
|    fps                  | 1          |
|    iterations           | 111        |
|    time_elapsed         | 52000      |
|    total_timesteps      | 56832      |
| train/                  |            |
|    approx_kl            | 0.14479747 |
|    clip_fraction        | 0.165      |
|    clip_range           | 0.2        |
|    entropy_loss         | -3.79      |
|    explained_variance   | -1.97e+03  |
|    learning_rate        | 0.0003     |
|    loss                 | -0.0018    |
|    n_updates            | 1100       |
|    policy_gradient_loss | -0.00462   |
|    std                  | 0.858      |
|    value_loss           | 3.44e-07   |
----------------------------------------
-----------------------------------------
| time/                   |             |
|    fps                  | 1           |
|    iterations           | 112         |
|    time_elapsed         | 52395       |
|    total_timesteps      | 57344       |
| train/                  |             |
|    approx_kl            | 0.090050936 |
|    clip_fraction        | 0.29        |
|    clip_range           | 0.2         |
|    entropy_loss         | -3.79       |
|    explained_variance   | -1.23e+08   |
|    learning_rate        | 0.0003      |
|    loss                 | -0.0214     |
|    n_updates            | 1110        |
|    policy_gradient_loss | 0.00525     |
|    std                  | 0.857       |
|    value_loss           | 0.00257     |
-----------------------------------------
-----------------------------------------
| time/                   |             |
|    fps                  | 1           |
|    iterations           | 113         |
|    time_elapsed         | 52791       |
|    total_timesteps      | 57856       |
| train/                  |             |
|    approx_kl            | 0.101393834 |
|    clip_fraction        | 0.257       |
|    clip_range           | 0.2         |
|    entropy_loss         | -3.78       |
|    explained_variance   | -129        |
|    learning_rate        | 0.0003      |
|    loss                 | -0.0296     |
|    n_updates            | 1120        |
|    policy_gradient_loss | -0.00255    |
|    std                  | 0.856       |
|    value_loss           | 3.13e-08    |
-----------------------------------------
-----------------------------------------
| time/                   |             |
|    fps                  | 1           |
|    iterations           | 114         |
|    time_elapsed         | 53185       |
|    total_timesteps      | 58368       |
| train/                  |             |
|    approx_kl            | 0.022143934 |
|    clip_fraction        | 0.188       |
|    clip_range           | 0.2         |
|    entropy_loss         | -3.78       |
|    explained_variance   | -3.76e+05   |
|    learning_rate        | 0.0003      |
|    loss                 | -0.0279     |
|    n_updates            | 1130        |
|    policy_gradient_loss | -0.00287    |
|    std                  | 0.856       |
|    value_loss           | 2.28e-05    |
-----------------------------------------
----------------------------------------
| time/                   |            |
|    fps                  | 1          |
|    iterations           | 115        |
|    time_elapsed         | 53581      |
|    total_timesteps      | 58880      |
| train/                  |            |
|    approx_kl            | 0.05251979 |
|    clip_fraction        | 0.21       |
|    clip_range           | 0.2        |
|    entropy_loss         | -3.78      |
|    explained_variance   | -2.76e+05  |
|    learning_rate        | 0.0003     |
|    loss                 | 4.84e-07   |
|    n_updates            | 1140       |
|    policy_gradient_loss | 0.0151     |
|    std                  | 0.857      |
|    value_loss           | 6.04e-05   |
----------------------------------------
-----------------------------------------
| time/                   |             |
|    fps                  | 1           |
|    iterations           | 116         |
|    time_elapsed         | 53975       |
|    total_timesteps      | 59392       |
| train/                  |             |
|    approx_kl            | 0.047063157 |
|    clip_fraction        | 0.187       |
|    clip_range           | 0.2         |
|    entropy_loss         | -3.79       |
|    explained_variance   | -5.44e+03   |
|    learning_rate        | 0.0003      |
|    loss                 | 0.0818      |
|    n_updates            | 1150        |
|    policy_gradient_loss | 0.0163      |
|    std                  | 0.859       |
|    value_loss           | 2.93e-06    |
-----------------------------------------
-----------------------------------------
| time/                   |             |
|    fps                  | 1           |
|    iterations           | 117         |
|    time_elapsed         | 54370       |
|    total_timesteps      | 59904       |
| train/                  |             |
|    approx_kl            | 0.043295022 |
|    clip_fraction        | 0.202       |
|    clip_range           | 0.2         |
|    entropy_loss         | -3.79       |
|    explained_variance   | -180        |
|    learning_rate        | 0.0003      |
|    loss                 | 4.92e-09    |
|    n_updates            | 1160        |
|    policy_gradient_loss | 0.0113      |
|    std                  | 0.858       |
|    value_loss           | 2.71e-07    |
-----------------------------------------
-----------------------------------------
| time/                   |             |
|    fps                  | 1           |
|    iterations           | 118         |
|    time_elapsed         | 54765       |
|    total_timesteps      | 60416       |
| train/                  |             |
|    approx_kl            | 0.011957831 |
|    clip_fraction        | 0.106       |
|    clip_range           | 0.2         |
|    entropy_loss         | -3.79       |
|    explained_variance   | -43.5       |
|    learning_rate        | 0.0003      |
|    loss                 | 7.28e-10    |
|    n_updates            | 1170        |
|    policy_gradient_loss | -0.00303    |
|    std                  | 0.859       |
|    value_loss           | 2.83e-08    |
-----------------------------------------
-----------------------------------------
| time/                   |             |
|    fps                  | 1           |
|    iterations           | 119         |
|    time_elapsed         | 55160       |
|    total_timesteps      | 60928       |
| train/                  |             |
|    approx_kl            | 0.016729925 |
|    clip_fraction        | 0.105       |
|    clip_range           | 0.2         |
|    entropy_loss         | -3.79       |
|    explained_variance   | -43.1       |
|    learning_rate        | 0.0003      |
|    loss                 | -0.0232     |
|    n_updates            | 1180        |
|    policy_gradient_loss | -0.00333    |
|    std                  | 0.859       |
|    value_loss           | 2.56e-08    |
-----------------------------------------
------------------------------------------
| time/                   |              |
|    fps                  | 1            |
|    iterations           | 120          |
|    time_elapsed         | 55554        |
|    total_timesteps      | 61440        |
| train/                  |              |
|    approx_kl            | 0.0091493055 |
|    clip_fraction        | 0.0758       |
|    clip_range           | 0.2          |
|    entropy_loss         | -3.79        |
|    explained_variance   | -1.63e+04    |
|    learning_rate        | 0.0003       |
|    loss                 | -0.00686     |
|    n_updates            | 1190         |
|    policy_gradient_loss | -0.00459     |
|    std                  | 0.858        |
|    value_loss           | 4.54e-06     |
------------------------------------------
-----------------------------------------
| time/                   |             |
|    fps                  | 1           |
|    iterations           | 121         |
|    time_elapsed         | 55946       |
|    total_timesteps      | 61952       |
| train/                  |             |
|    approx_kl            | 0.011140829 |
|    clip_fraction        | 0.124       |
|    clip_range           | 0.2         |
|    entropy_loss         | -3.79       |
|    explained_variance   | -134        |
|    learning_rate        | 0.0003      |
|    loss                 | 0.00395     |
|    n_updates            | 1200        |
|    policy_gradient_loss | 0.00239     |
|    std                  | 0.857       |
|    value_loss           | 1.15e-07    |
-----------------------------------------
-----------------------------------------
| time/                   |             |
|    fps                  | 1           |
|    iterations           | 122         |
|    time_elapsed         | 56340       |
|    total_timesteps      | 62464       |
| train/                  |             |
|    approx_kl            | 0.012830102 |
|    clip_fraction        | 0.0986      |
|    clip_range           | 0.2         |
|    entropy_loss         | -3.79       |
|    explained_variance   | -1.27e+03   |
|    learning_rate        | 0.0003      |
|    loss                 | 1.05e-09    |
|    n_updates            | 1210        |
|    policy_gradient_loss | -0.00251    |
|    std                  | 0.857       |
|    value_loss           | 3.56e-07    |
-----------------------------------------
------------------------------------------
| time/                   |              |
|    fps                  | 1            |
|    iterations           | 123          |
|    time_elapsed         | 56734        |
|    total_timesteps      | 62976        |
| train/                  |              |
|    approx_kl            | 0.0025193775 |
|    clip_fraction        | 0.0143       |
|    clip_range           | 0.2          |
|    entropy_loss         | -3.79        |
|    explained_variance   | -115         |
|    learning_rate        | 0.0003       |
|    loss                 | -0.00589     |
|    n_updates            | 1220         |
|    policy_gradient_loss | -0.000358    |
|    std                  | 0.861        |
|    value_loss           | 2.91e-08     |
------------------------------------------
-----------------------------------------
| time/                   |             |
|    fps                  | 1           |
|    iterations           | 124         |
|    time_elapsed         | 57129       |
|    total_timesteps      | 63488       |
| train/                  |             |
|    approx_kl            | 0.006203918 |
|    clip_fraction        | 0.0123      |
|    clip_range           | 0.2         |
|    entropy_loss         | -3.8        |
|    explained_variance   | -2.33e+04   |
|    learning_rate        | 0.0003      |
|    loss                 | 5.38e-08    |
|    n_updates            | 1230        |
|    policy_gradient_loss | -0.00285    |
|    std                  | 0.862       |
|    value_loss           | 5.49e-06    |
-----------------------------------------
------------------------------------------
| time/                   |              |
|    fps                  | 1            |
|    iterations           | 125          |
|    time_elapsed         | 57523        |
|    total_timesteps      | 64000        |
| train/                  |              |
|    approx_kl            | 0.0045835674 |
|    clip_fraction        | 0.0127       |
|    clip_range           | 0.2          |
|    entropy_loss         | -3.8         |
|    explained_variance   | -3.33e+03    |
|    learning_rate        | 0.0003       |
|    loss                 | 1.41e-08     |
|    n_updates            | 1240         |
|    policy_gradient_loss | -0.00305     |
|    std                  | 0.862        |
|    value_loss           | 8.82e-07     |
------------------------------------------
------------------------------------------
| time/                   |              |
|    fps                  | 1            |
|    iterations           | 126          |
|    time_elapsed         | 57926        |
|    total_timesteps      | 64512        |
| train/                  |              |
|    approx_kl            | 0.0059021367 |
|    clip_fraction        | 0.0418       |
|    clip_range           | 0.2          |
|    entropy_loss         | -3.8         |
|    explained_variance   | -269         |
|    learning_rate        | 0.0003       |
|    loss                 | 2.91e-11     |
|    n_updates            | 1250         |
|    policy_gradient_loss | -0.00299     |
|    std                  | 0.861        |
|    value_loss           | 2.38e-08     |
------------------------------------------
        |
|    learning_rate        | 0.0003      |
|    loss                 | 4.66e-10    |
|    n_updates            | 1240        |
|    policy_gradient_loss | -0.00362    |
|    std                  | 0.867       |
|    value_loss           | 6.02e-07    |
-----------------------------------------
------------------------------------------
| time/                   |              |
|    fps                  | 8            |
|    iterations           | 126          |
|    time_elapsed         | 8017         |
|    total_timesteps      | 64512        |
| train/                  |              |
|    approx_kl            | 0.0072419466 |
|    clip_fraction        | 0.082        |
|    clip_range           | 0.2          |
|    entropy_loss         | -3.81        |
|    explained_variance   | -75.1        |
|    learning_rate        | 0.0003       |
|    loss                 | 2.62e-10     |
|    n_updates            | 1250         |
|    policy_gradient_loss | -0.00196     |
|    std                  | 0.867        |
|    value_loss           | 6.87e-08     |
------------------------------------------
------------------------------------------
| time/                   |              |
|    fps                  | 8            |
|    iterations           | 127          |
|    time_elapsed         | 8085         |
|    total_timesteps      | 65024        |
| train/                  |              |
|    approx_kl            | 0.0063787075 |
|    clip_fraction        | 0.0422       |
|    clip_range           | 0.2          |
|    entropy_loss         | -3.81        |
|    explained_variance   | -1.27e+03    |
|    learning_rate        | 0.0003       |
|    loss                 | -0.0232      |
|    n_updates            | 1260         |
|    policy_gradient_loss | -0.00412     |
|    std                  | 0.868        |
|    value_loss           | 5.11e-07     |
------------------------------------------
------------------------------------------
| time/                   |              |
|    fps                  | 8            |
|    iterations           | 128          |
|    time_elapsed         | 8151         |
|    total_timesteps      | 65536        |
| train/                  |              |
|    approx_kl            | 0.0053872624 |
|    clip_fraction        | 0.0484       |
|    clip_range           | 0.2          |
|    entropy_loss         | -3.82        |
|    explained_variance   | -141         |
|    learning_rate        | 0.0003       |
|    loss                 | 7.28e-10     |
|    n_updates            | 1270         |
|    policy_gradient_loss | -0.00304     |
|    std                  | 0.869        |
|    value_loss           | 2.56e-07     |
------------------------------------------
-----------------------------------------
| time/                   |             |
|    fps                  | 8           |
|    iterations           | 129         |
|    time_elapsed         | 8216        |
|    total_timesteps      | 66048       |
| train/                  |             |
|    approx_kl            | 0.006301637 |
|    clip_fraction        | 0.0803      |
|    clip_range           | 0.2         |
|    entropy_loss         | -3.82       |
|    explained_variance   | -97.6       |
|    learning_rate        | 0.0003      |
|    loss                 | 0.00441     |
|    n_updates            | 1280        |
|    policy_gradient_loss | -0.00289    |
|    std                  | 0.867       |
|    value_loss           | 8.37e-08    |
-----------------------------------------
-----------------------------------------
| time/                   |             |
|    fps                  | 8           |
|    iterations           | 130         |
|    time_elapsed         | 8280        |
|    total_timesteps      | 66560       |
| train/                  |             |
|    approx_kl            | 0.005817588 |
|    clip_fraction        | 0.0914      |
|    clip_range           | 0.2         |
|    entropy_loss         | -3.81       |
|    explained_variance   | -171        |
|    learning_rate        | 0.0003      |
|    loss                 | -0.021      |
|    n_updates            | 1290        |
|    policy_gradient_loss | -0.00211    |
|    std                  | 0.868       |
|    value_loss           | 8.63e-07    |
-----------------------------------------
----------------------------------------
| time/                   |            |
|    fps                  | 8          |
|    iterations           | 131        |
|    time_elapsed         | 8346       |
|    total_timesteps      | 67072      |
| train/                  |            |
|    approx_kl            | 0.01099823 |
|    clip_fraction        | 0.119      |
|    clip_range           | 0.2        |
|    entropy_loss         | -3.82      |
|    explained_variance   | -194       |
|    learning_rate        | 0.0003     |
|    loss                 | 8.41e-09   |
|    n_updates            | 1300       |
|    policy_gradient_loss | -0.00312   |
|    std                  | 0.87       |
|    value_loss           | 1.46e-07   |
----------------------------------------
-----------------------------------------
| time/                   |             |
|    fps                  | 8           |
|    iterations           | 132         |
|    time_elapsed         | 8412        |
|    total_timesteps      | 67584       |
| train/                  |             |
|    approx_kl            | 0.019808808 |
|    clip_fraction        | 0.123       |
|    clip_range           | 0.2         |
|    entropy_loss         | -3.82       |
|    explained_variance   | -78.5       |
|    learning_rate        | 0.0003      |
|    loss                 | 2.91e-09    |
|    n_updates            | 1310        |
|    policy_gradient_loss | -0.003      |
|    std                  | 0.867       |
|    value_loss           | 4.07e-08    |
-----------------------------------------
-----------------------------------------
| time/                   |             |
|    fps                  | 8           |
|    iterations           | 133         |
|    time_elapsed         | 8479        |
|    total_timesteps      | 68096       |
| train/                  |             |
|    approx_kl            | 0.007692994 |
|    clip_fraction        | 0.0826      |
|    clip_range           | 0.2         |
|    entropy_loss         | -3.81       |
|    explained_variance   | -316        |
|    learning_rate        | 0.0003      |
|    loss                 | -0.0369     |
|    n_updates            | 1320        |
|    policy_gradient_loss | -0.00383    |
|    std                  | 0.867       |
|    value_loss           | 1.63e-07    |
-----------------------------------------
----------------------------------------
| time/                   |            |
|    fps                  | 8          |
|    iterations           | 134        |
|    time_elapsed         | 8546       |
|    total_timesteps      | 68608      |
| train/                  |            |
|    approx_kl            | 0.01365794 |
|    clip_fraction        | 0.102      |
|    clip_range           | 0.2        |
|    entropy_loss         | -3.81      |
|    explained_variance   | -896       |
|    learning_rate        | 0.0003     |
|    loss                 | -0.000407  |
|    n_updates            | 1330       |
|    policy_gradient_loss | -0.00298   |
|    std                  | 0.867      |
|    value_loss           | 3.42e-07   |
----------------------------------------
-----------------------------------------
| time/                   |             |
|    fps                  | 8           |
|    iterations           | 135         |
|    time_elapsed         | 8612        |
|    total_timesteps      | 69120       |
| train/                  |             |
|    approx_kl            | 0.008011359 |
|    clip_fraction        | 0.0527      |
|    clip_range           | 0.2         |
|    entropy_loss         | -3.82       |
|    explained_variance   | -284        |
|    learning_rate        | 0.0003      |
|    loss                 | 2.8e-08     |
|    n_updates            | 1340        |
|    policy_gradient_loss | -0.00325    |
|    std                  | 0.874       |
|    value_loss           | 3.29e-07    |
-----------------------------------------
-----------------------------------------
| time/                   |             |
|    fps                  | 8           |
|    iterations           | 136         |
|    time_elapsed         | 8679        |
|    total_timesteps      | 69632       |
| train/                  |             |
|    approx_kl            | 0.012289615 |
|    clip_fraction        | 0.152       |
|    clip_range           | 0.2         |
|    entropy_loss         | -3.84       |
|    explained_variance   | -1.26e+03   |
|    learning_rate        | 0.0003      |
|    loss                 | -0.0083     |
|    n_updates            | 1350        |
|    policy_gradient_loss | -0.00442    |
|    std                  | 0.876       |
|    value_loss           | 5.16e-07    |
-----------------------------------------
-----------------------------------------
| time/                   |             |
|    fps                  | 8           |
|    iterations           | 137         |
|    time_elapsed         | 8745        |
|    total_timesteps      | 70144       |
| train/                  |             |
|    approx_kl            | 0.010454919 |
|    clip_fraction        | 0.124       |
|    clip_range           | 0.2         |
|    entropy_loss         | -3.84       |
|    explained_variance   | -3.59e+04   |
|    learning_rate        | 0.0003      |
|    loss                 | -0.0291     |
|    n_updates            | 1360        |
|    policy_gradient_loss | -0.00303    |
|    std                  | 0.876       |
|    value_loss           | 1.43e-06    |
-----------------------------------------
----------------------------------------
| time/                   |            |
|    fps                  | 8          |
|    iterations           | 138        |
|    time_elapsed         | 8811       |
|    total_timesteps      | 70656      |
| train/                  |            |
|    approx_kl            | 0.00476502 |
|    clip_fraction        | 0.0205     |
|    clip_range           | 0.2        |
|    entropy_loss         | -3.84      |
|    explained_variance   | -4.37e+03  |
|    learning_rate        | 0.0003     |
|    loss                 | 5.89e-08   |
|    n_updates            | 1370       |
|    policy_gradient_loss | -0.00294   |
|    std                  | 0.876      |
|    value_loss           | 1.02e-06   |
----------------------------------------
-----------------------------------------
| time/                   |             |
|    fps                  | 8           |
|    iterations           | 139         |
|    time_elapsed         | 8878        |
|    total_timesteps      | 71168       |
| train/                  |             |
|    approx_kl            | 0.024190858 |
|    clip_fraction        | 0.158       |
|    clip_range           | 0.2         |
|    entropy_loss         | -3.84       |
|    explained_variance   | -2.09e+03   |
|    learning_rate        | 0.0003      |
|    loss                 | 0.00568     |
|    n_updates            | 1380        |
|    policy_gradient_loss | -0.00388    |
|    std                  | 0.878       |
|    value_loss           | 5e-06       |
-----------------------------------------
-----------------------------------------
| time/                   |             |
|    fps                  | 8           |
|    iterations           | 140         |
|    time_elapsed         | 8944        |
|    total_timesteps      | 71680       |
| train/                  |             |
|    approx_kl            | 0.016458057 |
|    clip_fraction        | 0.121       |
|    clip_range           | 0.2         |
|    entropy_loss         | -3.85       |
|    explained_variance   | -2.59       |
|    learning_rate        | 0.0003      |
|    loss                 | 0.0097      |
|    n_updates            | 1390        |
|    policy_gradient_loss | -0.00334    |
|    std                  | 0.88        |
|    value_loss           | 2.44e-07    |
-----------------------------------------
-----------------------------------------
| time/                   |             |
|    fps                  | 8           |
|    iterations           | 141         |
|    time_elapsed         | 9009        |
|    total_timesteps      | 72192       |
| train/                  |             |
|    approx_kl            | 0.017618965 |
|    clip_fraction        | 0.149       |
|    clip_range           | 0.2         |
|    entropy_loss         | -3.86       |
|    explained_variance   | -2.71e+03   |
|    learning_rate        | 0.0003      |
|    loss                 | 0.00076     |
|    n_updates            | 1400        |
|    policy_gradient_loss | -0.00553    |
|    std                  | 0.883       |
|    value_loss           | 1.3e-05     |
-----------------------------------------
------------------------------------------
| time/                   |              |
|    fps                  | 8            |
|    iterations           | 142          |
|    time_elapsed         | 9075         |
|    total_timesteps      | 72704        |
| train/                  |              |
|    approx_kl            | 0.0107820835 |
|    clip_fraction        | 0.106        |
|    clip_range           | 0.2          |
|    entropy_loss         | -3.86        |
|    explained_variance   | -208         |
|    learning_rate        | 0.0003       |
|    loss                 | -0.00894     |
|    n_updates            | 1410         |
|    policy_gradient_loss | -0.00123     |
|    std                  | 0.879        |
|    value_loss           | 9.92e-07     |
------------------------------------------
-----------------------------------------
| time/                   |             |
|    fps                  | 8           |
|    iterations           | 143         |
|    time_elapsed         | 9142        |
|    total_timesteps      | 73216       |
| train/                  |             |
|    approx_kl            | 0.015592389 |
|    clip_fraction        | 0.135       |
|    clip_range           | 0.2         |
|    entropy_loss         | -3.85       |
|    explained_variance   | -1.05e+03   |
|    learning_rate        | 0.0003      |
|    loss                 | -0.0231     |
|    n_updates            | 1420        |
|    policy_gradient_loss | -0.00775    |
|    std                  | 0.878       |
|    value_loss           | 1.46e-06    |
-----------------------------------------
-----------------------------------------
| time/                   |             |
|    fps                  | 8           |
|    iterations           | 144         |
|    time_elapsed         | 9208        |
|    total_timesteps      | 73728       |
| train/                  |             |
|    approx_kl            | 0.011567982 |
|    clip_fraction        | 0.17        |
|    clip_range           | 0.2         |
|    entropy_loss         | -3.85       |
|    explained_variance   | -40.5       |
|    learning_rate        | 0.0003      |
|    loss                 | -0.0164     |
|    n_updates            | 1430        |
|    policy_gradient_loss | -0.00661    |
|    std                  | 0.879       |
|    value_loss           | 8.36e-07    |
-----------------------------------------
-----------------------------------------
| time/                   |             |
|    fps                  | 8           |
|    iterations           | 145         |
|    time_elapsed         | 9272        |
|    total_timesteps      | 74240       |
| train/                  |             |
|    approx_kl            | 0.013516311 |
|    clip_fraction        | 0.0797      |
|    clip_range           | 0.2         |
|    entropy_loss         | -3.84       |
|    explained_variance   | -2.39e+03   |
|    learning_rate        | 0.0003      |
|    loss                 | 0.00543     |
|    n_updates            | 1440        |
|    policy_gradient_loss | -0.00528    |
|    std                  | 0.875       |
|    value_loss           | 3.99e-06    |
-----------------------------------------
-----------------------------------------
| time/                   |             |
|    fps                  | 8           |
|    iterations           | 146         |
|    time_elapsed         | 9338        |
|    total_timesteps      | 74752       |
| train/                  |             |
|    approx_kl            | 0.008176436 |
|    clip_fraction        | 0.0873      |
|    clip_range           | 0.2         |
|    entropy_loss         | -3.83       |
|    explained_variance   | -248        |
|    learning_rate        | 0.0003      |
|    loss                 | -0.0039     |
|    n_updates            | 1450        |
|    policy_gradient_loss | -0.00388    |
|    std                  | 0.872       |
|    value_loss           | 1.2e-06     |
-----------------------------------------
-----------------------------------------
| time/                   |             |
|    fps                  | 8           |
|    iterations           | 147         |
|    time_elapsed         | 9403        |
|    total_timesteps      | 75264       |
| train/                  |             |
|    approx_kl            | 0.007379017 |
|    clip_fraction        | 0.092       |
|    clip_range           | 0.2         |
|    entropy_loss         | -3.83       |
|    explained_variance   | -203        |
|    learning_rate        | 0.0003      |
|    loss                 | 0.00113     |
|    n_updates            | 1460        |
|    policy_gradient_loss | -0.00417    |
|    std                  | 0.873       |
|    value_loss           | 7.11e-07    |
-----------------------------------------
------------------------------------------
| time/                   |              |
|    fps                  | 8            |
|    iterations           | 148          |
|    time_elapsed         | 9467         |
|    total_timesteps      | 75776        |
| train/                  |              |
|    approx_kl            | 0.0067391866 |
|    clip_fraction        | 0.0986       |
|    clip_range           | 0.2          |
|    entropy_loss         | -3.83        |
|    explained_variance   | -15          |
|    learning_rate        | 0.0003       |
|    loss                 | 0.000374     |
|    n_updates            | 1470         |
|    policy_gradient_loss | -0.00151     |
|    std                  | 0.873        |
|    value_loss           | 1.92e-07     |
------------------------------------------
-----------------------------------------
| time/                   |             |
|    fps                  | 8           |
|    iterations           | 149         |
|    time_elapsed         | 9531        |
|    total_timesteps      | 76288       |
| train/                  |             |
|    approx_kl            | 0.008990631 |
|    clip_fraction        | 0.0646      |
|    clip_range           | 0.2         |
|    entropy_loss         | -3.83       |
|    explained_variance   | -169        |
|    learning_rate        | 0.0003      |
|    loss                 | 0.00162     |
|    n_updates            | 1480        |
|    policy_gradient_loss | -0.00475    |
|    std                  | 0.874       |
|    value_loss           | 3.57e-07    |
-----------------------------------------
-----------------------------------------
| time/                   |             |
|    fps                  | 8           |
|    iterations           | 150         |
|    time_elapsed         | 9596        |
|    total_timesteps      | 76800       |
| train/                  |             |
|    approx_kl            | 0.010129672 |
|    clip_fraction        | 0.076       |
|    clip_range           | 0.2         |
|    entropy_loss         | -3.83       |
|    explained_variance   | -21.7       |
|    learning_rate        | 0.0003      |
|    loss                 | -0.0246     |
|    n_updates            | 1490        |
|    policy_gradient_loss | -0.00628    |
|    std                  | 0.874       |
|    value_loss           | 7.66e-08    |
-----------------------------------------
-----------------------------------------
| time/                   |             |
|    fps                  | 8           |
|    iterations           | 151         |
|    time_elapsed         | 9660        |
|    total_timesteps      | 77312       |
| train/                  |             |
|    approx_kl            | 0.007831942 |
|    clip_fraction        | 0.0969      |
|    clip_range           | 0.2         |
|    entropy_loss         | -3.83       |
|    explained_variance   | -479        |
|    learning_rate        | 0.0003      |
|    loss                 | 0.00854     |
|    n_updates            | 1500        |
|    policy_gradient_loss | -0.00485    |
|    std                  | 0.874       |
|    value_loss           | 1.56e-06    |
-----------------------------------------
-----------------------------------------
| time/                   |             |
|    fps                  | 8           |
|    iterations           | 152         |
|    time_elapsed         | 9724        |
|    total_timesteps      | 77824       |
| train/                  |             |
|    approx_kl            | 0.007336399 |
|    clip_fraction        | 0.0506      |
|    clip_range           | 0.2         |
|    entropy_loss         | -3.83       |
|    explained_variance   | -124        |
|    learning_rate        | 0.0003      |
|    loss                 | -0.00909    |
|    n_updates            | 1510        |
|    policy_gradient_loss | -0.0019     |
|    std                  | 0.875       |
|    value_loss           | 2.86e-07    |
-----------------------------------------
-----------------------------------------
| time/                   |             |
|    fps                  | 8           |
|    iterations           | 153         |
|    time_elapsed         | 9788        |
|    total_timesteps      | 78336       |
| train/                  |             |
|    approx_kl            | 0.005173676 |
|    clip_fraction        | 0.084       |
|    clip_range           | 0.2         |
|    entropy_loss         | -3.83       |
|    explained_variance   | -33.3       |
|    learning_rate        | 0.0003      |
|    loss                 | 0.023       |
|    n_updates            | 1520        |
|    policy_gradient_loss | -0.00326    |
|    std                  | 0.878       |
|    value_loss           | 6.35e-08    |
-----------------------------------------
------------------------------------------
| time/                   |              |
|    fps                  | 8            |
|    iterations           | 154          |
|    time_elapsed         | 9852         |
|    total_timesteps      | 78848        |
| train/                  |              |
|    approx_kl            | 0.0044651227 |
|    clip_fraction        | 0.0811       |
|    clip_range           | 0.2          |
|    entropy_loss         | -3.84        |
|    explained_variance   | -14.7        |
|    learning_rate        | 0.0003       |
|    loss                 | -0.00299     |
|    n_updates            | 1530         |
|    policy_gradient_loss | -0.00475     |
|    std                  | 0.879        |
|    value_loss           | 5.55e-08     |
------------------------------------------
---------------------------------------
| time/                   |           |
|    fps                  | 8         |
|    iterations           | 155       |
|    time_elapsed         | 9917      |
|    total_timesteps      | 79360     |
| train/                  |           |
|    approx_kl            | 0.003668  |
|    clip_fraction        | 0.0535    |
|    clip_range           | 0.2       |
|    entropy_loss         | -3.85     |
|    explained_variance   | -5.8      |
|    learning_rate        | 0.0003    |
|    loss                 | -0.0205   |
|    n_updates            | 1540      |
|    policy_gradient_loss | -0.000551 |
|    std                  | 0.881     |
|    value_loss           | 2.62e-08  |
---------------------------------------
-----------------------------------------
| time/                   |             |
|    fps                  | 8           |
|    iterations           | 156         |
|    time_elapsed         | 9981        |
|    total_timesteps      | 79872       |
| train/                  |             |
|    approx_kl            | 0.009605529 |
|    clip_fraction        | 0.105       |
|    clip_range           | 0.2         |
|    entropy_loss         | -3.85       |
|    explained_variance   | -23.6       |
|    learning_rate        | 0.0003      |
|    loss                 | -0.022      |
|    n_updates            | 1550        |
|    policy_gradient_loss | -0.00582    |
|    std                  | 0.88        |
|    value_loss           | 3.43e-08    |
-----------------------------------------
-----------------------------------------
| time/                   |             |
|    fps                  | 8           |
|    iterations           | 157         |
|    time_elapsed         | 10045       |
|    total_timesteps      | 80384       |
| train/                  |             |
|    approx_kl            | 0.014482153 |
|    clip_fraction        | 0.0902      |
|    clip_range           | 0.2         |
|    entropy_loss         | -3.85       |
|    explained_variance   | -62.4       |
|    learning_rate        | 0.0003      |
|    loss                 | -1.51e-05   |
|    n_updates            | 1560        |
|    policy_gradient_loss | -0.00551    |
|    std                  | 0.88        |
|    value_loss           | 6.24e-08    |
-----------------------------------------
-----------------------------------------
| time/                   |             |
|    fps                  | 8           |
|    iterations           | 158         |
|    time_elapsed         | 10109       |
|    total_timesteps      | 80896       |
| train/                  |             |
|    approx_kl            | 0.006507328 |
|    clip_fraction        | 0.0965      |
|    clip_range           | 0.2         |
|    entropy_loss         | -3.84       |
|    explained_variance   | -134        |
|    learning_rate        | 0.0003      |
|    loss                 | 1.86e-09    |
|    n_updates            | 1570        |
|    policy_gradient_loss | -0.00548    |
|    std                  | 0.873       |
|    value_loss           | 8.77e-08    |
-----------------------------------------
-----------------------------------------
| time/                   |             |
|    fps                  | 8           |
|    iterations           | 159         |
|    time_elapsed         | 10173       |
|    total_timesteps      | 81408       |
| train/                  |             |
|    approx_kl            | 0.006242993 |
|    clip_fraction        | 0.0477      |
|    clip_range           | 0.2         |
|    entropy_loss         | -3.82       |
|    explained_variance   | -119        |
|    learning_rate        | 0.0003      |
|    loss                 | -0.0237     |
|    n_updates            | 1580        |
|    policy_gradient_loss | -0.00344    |
|    std                  | 0.871       |
|    value_loss           | 1.01e-07    |
-----------------------------------------
-----------------------------------------
| time/                   |             |
|    fps                  | 8           |
|    iterations           | 160         |
|    time_elapsed         | 10237       |
|    total_timesteps      | 81920       |
| train/                  |             |
|    approx_kl            | 0.015143182 |
|    clip_fraction        | 0.0902      |
|    clip_range           | 0.2         |
|    entropy_loss         | -3.82       |
|    explained_variance   | -194        |
|    learning_rate        | 0.0003      |
|    loss                 | -0.0175     |
|    n_updates            | 1590        |
|    policy_gradient_loss | -0.00369    |
|    std                  | 0.873       |
|    value_loss           | 1.68e-07    |
-----------------------------------------
-----------------------------------------
| time/                   |             |
|    fps                  | 8           |
|    iterations           | 161         |
|    time_elapsed         | 10301       |
|    total_timesteps      | 82432       |
| train/                  |             |
|    approx_kl            | 0.009909901 |
|    clip_fraction        | 0.0738      |
|    clip_range           | 0.2         |
|    entropy_loss         | -3.83       |
|    explained_variance   | -73.8       |
|    learning_rate        | 0.0003      |
|    loss                 | -0.0147     |
|    n_updates            | 1600        |
|    policy_gradient_loss | -0.00351    |
|    std                  | 0.874       |
|    value_loss           | 5.58e-08    |
-----------------------------------------
----------------------------------------
| time/                   |            |
|    fps                  | 8          |
|    iterations           | 162        |
|    time_elapsed         | 10364      |
|    total_timesteps      | 82944      |
| train/                  |            |
|    approx_kl            | 0.00617781 |
|    clip_fraction        | 0.067      |
|    clip_range           | 0.2        |
|    entropy_loss         | -3.83      |
|    explained_variance   | -330       |
|    learning_rate        | 0.0003     |
|    loss                 | -0.0254    |
|    n_updates            | 1610       |
|    policy_gradient_loss | -0.00528   |
|    std                  | 0.873      |
|    value_loss           | 3.37e-07   |
----------------------------------------
-----------------------------------------
| time/                   |             |
|    fps                  | 8           |
|    iterations           | 163         |
|    time_elapsed         | 10428       |
|    total_timesteps      | 83456       |
| train/                  |             |
|    approx_kl            | 0.007272358 |
|    clip_fraction        | 0.0584      |
|    clip_range           | 0.2         |
|    entropy_loss         | -3.83       |
|    explained_variance   | -421        |
|    learning_rate        | 0.0003      |
|    loss                 | 0.00693     |
|    n_updates            | 1620        |
|    policy_gradient_loss | -0.00546    |
|    std                  | 0.873       |
|    value_loss           | 2e-07       |
-----------------------------------------
-----------------------------------------
| time/                   |             |
|    fps                  | 8           |
|    iterations           | 164         |
|    time_elapsed         | 10491       |
|    total_timesteps      | 83968       |
| train/                  |             |
|    approx_kl            | 0.009370166 |
|    clip_fraction        | 0.0742      |
|    clip_range           | 0.2         |
|    entropy_loss         | -3.83       |
|    explained_variance   | -135        |
|    learning_rate        | 0.0003      |
|    loss                 | -0.012      |
|    n_updates            | 1630        |
|    policy_gradient_loss | -0.00406    |
|    std                  | 0.874       |
|    value_loss           | 2e-07       |
-----------------------------------------
------------------------------------------
| time/                   |              |
|    fps                  | 8            |
|    iterations           | 165          |
|    time_elapsed         | 10554        |
|    total_timesteps      | 84480        |
| train/                  |              |
|    approx_kl            | 0.0043240436 |
|    clip_fraction        | 0.0283       |
|    clip_range           | 0.2          |
|    entropy_loss         | -3.83        |
|    explained_variance   | -6.21e+03    |
|    learning_rate        | 0.0003       |
|    loss                 | 1.91e-07     |
|    n_updates            | 1640         |
|    policy_gradient_loss | -0.00298     |
|    std                  | 0.874        |
|    value_loss           | 1.27e-06     |
------------------------------------------
-----------------------------------------
| time/                   |             |
|    fps                  | 8           |
|    iterations           | 166         |
|    time_elapsed         | 10617       |
|    total_timesteps      | 84992       |
| train/                  |             |
|    approx_kl            | 0.002475016 |
|    clip_fraction        | 0.0041      |
|    clip_range           | 0.2         |
|    entropy_loss         | -3.83       |
|    explained_variance   | -1.04e+04   |
|    learning_rate        | 0.0003      |
|    loss                 | 1.16e-08    |
|    n_updates            | 1650        |
|    policy_gradient_loss | -0.0029     |
|    std                  | 0.873       |
|    value_loss           | 5.4e-07     |
-----------------------------------------
------------------------------------------
| time/                   |              |
|    fps                  | 8            |
|    iterations           | 167          |
|    time_elapsed         | 10680        |
|    total_timesteps      | 85504        |
| train/                  |              |
|    approx_kl            | 0.0041592033 |
|    clip_fraction        | 0.0166       |
|    clip_range           | 0.2          |
|    entropy_loss         | -3.82        |
|    explained_variance   | -211         |
|    learning_rate        | 0.0003       |
|    loss                 | 5.7e-09      |
|    n_updates            | 1660         |
|    policy_gradient_loss | -0.00296     |
|    std                  | 0.872        |
|    value_loss           | 7.6e-08      |
------------------------------------------
------------------------------------------
| time/                   |              |
|    fps                  | 8            |
|    iterations           | 168          |
|    time_elapsed         | 10744        |
|    total_timesteps      | 86016        |
| train/                  |              |
|    approx_kl            | 0.0074798474 |
|    clip_fraction        | 0.0416       |
|    clip_range           | 0.2          |
|    entropy_loss         | -3.82        |
|    explained_variance   | -6.64e+03    |
|    learning_rate        | 0.0003       |
|    loss                 | 1.86e-09     |
|    n_updates            | 1670         |
|    policy_gradient_loss | -0.0046      |
|    std                  | 0.871        |
|    value_loss           | 3.7e-07      |
------------------------------------------
------------------------------------------
| time/                   |              |
|    fps                  | 8            |
|    iterations           | 169          |
|    time_elapsed         | 10807        |
|    total_timesteps      | 86528        |
| train/                  |              |
|    approx_kl            | 0.0023433203 |
|    clip_fraction        | 0.0176       |
|    clip_range           | 0.2          |
|    entropy_loss         | -3.82        |
|    explained_variance   | -890         |
|    learning_rate        | 0.0003       |
|    loss                 | 1.86e-09     |
|    n_updates            | 1680         |
|    policy_gradient_loss | -0.00305     |
|    std                  | 0.872        |
|    value_loss           | 2.13e-07     |
------------------------------------------
------------------------------------------
| time/                   |              |
|    fps                  | 8            |
|    iterations           | 170          |
|    time_elapsed         | 10870        |
|    total_timesteps      | 87040        |
| train/                  |              |
|    approx_kl            | 0.0065414254 |
|    clip_fraction        | 0.0695       |
|    clip_range           | 0.2          |
|    entropy_loss         | -3.82        |
|    explained_variance   | -6.6e+05     |
|    learning_rate        | 0.0003       |
|    loss                 | 1.16e-10     |
|    n_updates            | 1690         |
|    policy_gradient_loss | -0.00309     |
|    std                  | 0.872        |
|    value_loss           | 7.55e-08     |
------------------------------------------
------------------------------------------
| time/                   |              |
|    fps                  | 8            |
|    iterations           | 171          |
|    time_elapsed         | 10933        |
|    total_timesteps      | 87552        |
| train/                  |              |
|    approx_kl            | 0.0045501217 |
|    clip_fraction        | 0.0262       |
|    clip_range           | 0.2          |
|    entropy_loss         | -3.82        |
|    explained_variance   | -222         |
|    learning_rate        | 0.0003       |
|    loss                 | 1.54e-08     |
|    n_updates            | 1700         |
|    policy_gradient_loss | -0.00291     |
|    std                  | 0.872        |
|    value_loss           | 9.47e-08     |
------------------------------------------
------------------------------------------
| time/                   |              |
|    fps                  | 8            |
|    iterations           | 172          |
|    time_elapsed         | 10995        |
|    total_timesteps      | 88064        |
| train/                  |              |
|    approx_kl            | 0.0056821816 |
|    clip_fraction        | 0.0488       |
|    clip_range           | 0.2          |
|    entropy_loss         | -3.82        |
|    explained_variance   | -820         |
|    learning_rate        | 0.0003       |
|    loss                 | 4.89e-08     |
|    n_updates            | 1710         |
|    policy_gradient_loss | -0.00321     |
|    std                  | 0.871        |
|    value_loss           | 2.85e-07     |
------------------------------------------
-----------------------------------------
| time/                   |             |
|    fps                  | 8           |
|    iterations           | 173         |
|    time_elapsed         | 11059       |
|    total_timesteps      | 88576       |
| train/                  |             |
|    approx_kl            | 0.006212284 |
|    clip_fraction        | 0.122       |
|    clip_range           | 0.2         |
|    entropy_loss         | -3.82       |
|    explained_variance   | -291        |
|    learning_rate        | 0.0003      |
|    loss                 | -0.0248     |
|    n_updates            | 1720        |
|    policy_gradient_loss | -0.00296    |
|    std                  | 0.869       |
|    value_loss           | 4.79e-07    |
-----------------------------------------
-----------------------------------------
| time/                   |             |
|    fps                  | 8           |
|    iterations           | 174         |
|    time_elapsed         | 11123       |
|    total_timesteps      | 89088       |
| train/                  |             |
|    approx_kl            | 0.011985205 |
|    clip_fraction        | 0.124       |
|    clip_range           | 0.2         |
|    entropy_loss         | -3.81       |
|    explained_variance   | -195        |
|    learning_rate        | 0.0003      |
|    loss                 | 0.0235      |
|    n_updates            | 1730        |
|    policy_gradient_loss | -0.00341    |
|    std                  | 0.868       |
|    value_loss           | 1.44e-07    |
-----------------------------------------
-----------------------------------------
| time/                   |             |
|    fps                  | 8           |
|    iterations           | 175         |
|    time_elapsed         | 11186       |
|    total_timesteps      | 89600       |
| train/                  |             |
|    approx_kl            | 0.007993188 |
|    clip_fraction        | 0.109       |
|    clip_range           | 0.2         |
|    entropy_loss         | -3.8        |
|    explained_variance   | -389        |
|    learning_rate        | 0.0003      |
|    loss                 | 8.41e-09    |
|    n_updates            | 1740        |
|    policy_gradient_loss | -0.000775   |
|    std                  | 0.867       |
|    value_loss           | 2.92e-07    |
-----------------------------------------
-----------------------------------------
| time/                   |             |
|    fps                  | 8           |
|    iterations           | 176         |
|    time_elapsed         | 11250       |
|    total_timesteps      | 90112       |
| train/                  |             |
|    approx_kl            | 0.003542266 |
|    clip_fraction        | 0.0234      |
|    clip_range           | 0.2         |
|    entropy_loss         | -3.81       |
|    explained_variance   | -5.12e+03   |
|    learning_rate        | 0.0003      |
|    loss                 | -0.0262     |
|    n_updates            | 1750        |
|    policy_gradient_loss | -0.00274    |
|    std                  | 0.867       |
|    value_loss           | 6.22e-07    |
-----------------------------------------
-----------------------------------------
| time/                   |             |
|    fps                  | 8           |
|    iterations           | 177         |
|    time_elapsed         | 11313       |
|    total_timesteps      | 90624       |
| train/                  |             |
|    approx_kl            | 0.003952884 |
|    clip_fraction        | 0.0334      |
|    clip_range           | 0.2         |
|    entropy_loss         | -3.81       |
|    explained_variance   | -816        |
|    learning_rate        | 0.0003      |
|    loss                 | 1.23e-07    |
|    n_updates            | 1760        |
|    policy_gradient_loss | -0.00307    |
|    std                  | 0.867       |
|    value_loss           | 2.37e-06    |
-----------------------------------------
----------------------------------------
| time/                   |            |
|    fps                  | 8          |
|    iterations           | 178        |
|    time_elapsed         | 11377      |
|    total_timesteps      | 91136      |
| train/                  |            |
|    approx_kl            | 0.01776608 |
|    clip_fraction        | 0.125      |
|    clip_range           | 0.2        |
|    entropy_loss         | -3.8       |
|    explained_variance   | -378       |
|    learning_rate        | 0.0003     |
|    loss                 | 1.27e-07   |
|    n_updates            | 1770       |
|    policy_gradient_loss | -0.00287   |
|    std                  | 0.866      |
|    value_loss           | 5.32e-07   |
----------------------------------------
-----------------------------------------
| time/                   |             |
|    fps                  | 8           |
|    iterations           | 179         |
|    time_elapsed         | 11440       |
|    total_timesteps      | 91648       |
| train/                  |             |
|    approx_kl            | 0.005443545 |
|    clip_fraction        | 0.12        |
|    clip_range           | 0.2         |
|    entropy_loss         | -3.8        |
|    explained_variance   | -3.99e+03   |
|    learning_rate        | 0.0003      |
|    loss                 | -0.00215    |
|    n_updates            | 1780        |
|    policy_gradient_loss | -0.00329    |
|    std                  | 0.867       |
|    value_loss           | 5.26e-07    |
-----------------------------------------
----------------------------------------
| time/                   |            |
|    fps                  | 8          |
|    iterations           | 180        |
|    time_elapsed         | 11504      |
|    total_timesteps      | 92160      |
| train/                  |            |
|    approx_kl            | 0.00412824 |
|    clip_fraction        | 0.0563     |
|    clip_range           | 0.2        |
|    entropy_loss         | -3.8       |
|    explained_variance   | -2.88e+03  |
|    learning_rate        | 0.0003     |
|    loss                 | 6.16e-08   |
|    n_updates            | 1790       |
|    policy_gradient_loss | -0.00519   |
|    std                  | 0.866      |
|    value_loss           | 6.29e-07   |
----------------------------------------
-----------------------------------------
| time/                   |             |
|    fps                  | 8           |
|    iterations           | 181         |
|    time_elapsed         | 11568       |
|    total_timesteps      | 92672       |
| train/                  |             |
|    approx_kl            | 0.018920906 |
|    clip_fraction        | 0.124       |
|    clip_range           | 0.2         |
|    entropy_loss         | -3.82       |
|    explained_variance   | -624        |
|    learning_rate        | 0.0003      |
|    loss                 | -0.0299     |
|    n_updates            | 1800        |
|    policy_gradient_loss | -0.00379    |
|    std                  | 0.875       |
|    value_loss           | 2.58e-06    |
-----------------------------------------
-----------------------------------------
| time/                   |             |
|    fps                  | 8           |
|    iterations           | 182         |
|    time_elapsed         | 11632       |
|    total_timesteps      | 93184       |
| train/                  |             |
|    approx_kl            | 0.009271203 |
|    clip_fraction        | 0.123       |
|    clip_range           | 0.2         |
|    entropy_loss         | -3.83       |
|    explained_variance   | -42.8       |
|    learning_rate        | 0.0003      |
|    loss                 | 2.28e-08    |
|    n_updates            | 1810        |
|    policy_gradient_loss | -0.00199    |
|    std                  | 0.873       |
|    value_loss           | 4.72e-06    |
-----------------------------------------
-----------------------------------------
| time/                   |             |
|    fps                  | 8           |
|    iterations           | 183         |
|    time_elapsed         | 11697       |
|    total_timesteps      | 93696       |
| train/                  |             |
|    approx_kl            | 0.004868522 |
|    clip_fraction        | 0.0889      |
|    clip_range           | 0.2         |
|    entropy_loss         | -3.82       |
|    explained_variance   | -10.2       |
|    learning_rate        | 0.0003      |
|    loss                 | 0.00296     |
|    n_updates            | 1820        |
|    policy_gradient_loss | -0.0032     |
|    std                  | 0.871       |
|    value_loss           | 2.88e-07    |
-----------------------------------------
-----------------------------------------
| time/                   |             |
|    fps                  | 8           |
|    iterations           | 184         |
|    time_elapsed         | 11762       |
|    total_timesteps      | 94208       |
| train/                  |             |
|    approx_kl            | 0.012784377 |
|    clip_fraction        | 0.0691      |
|    clip_range           | 0.2         |
|    entropy_loss         | -3.8        |
|    explained_variance   | -9.15       |
|    learning_rate        | 0.0003      |
|    loss                 | 0.0119      |
|    n_updates            | 1830        |
|    policy_gradient_loss | -0.00884    |
|    std                  | 0.864       |
|    value_loss           | 2.46e-07    |
-----------------------------------------
-----------------------------------------
| time/                   |             |
|    fps                  | 8           |
|    iterations           | 185         |
|    time_elapsed         | 11826       |
|    total_timesteps      | 94720       |
| train/                  |             |
|    approx_kl            | 0.011062527 |
|    clip_fraction        | 0.134       |
|    clip_range           | 0.2         |
|    entropy_loss         | -3.79       |
|    explained_variance   | -33.2       |
|    learning_rate        | 0.0003      |
|    loss                 | 8.43e-05    |
|    n_updates            | 1840        |
|    policy_gradient_loss | -0.00703    |
|    std                  | 0.863       |
|    value_loss           | 2.12e-05    |
-----------------------------------------
-----------------------------------------
| time/                   |             |
|    fps                  | 8           |
|    iterations           | 186         |
|    time_elapsed         | 11890       |
|    total_timesteps      | 95232       |
| train/                  |             |
|    approx_kl            | 0.009001287 |
|    clip_fraction        | 0.117       |
|    clip_range           | 0.2         |
|    entropy_loss         | -3.79       |
|    explained_variance   | -1.86       |
|    learning_rate        | 0.0003      |
|    loss                 | -0.00696    |
|    n_updates            | 1850        |
|    policy_gradient_loss | -0.0055     |
|    std                  | 0.861       |
|    value_loss           | 1.11e-06    |
-----------------------------------------
-----------------------------------------
| time/                   |             |
|    fps                  | 8           |
|    iterations           | 187         |
|    time_elapsed         | 11955       |
|    total_timesteps      | 95744       |
| train/                  |             |
|    approx_kl            | 0.017910384 |
|    clip_fraction        | 0.119       |
|    clip_range           | 0.2         |
|    entropy_loss         | -3.78       |
|    explained_variance   | -2.61       |
|    learning_rate        | 0.0003      |
|    loss                 | -0.0103     |
|    n_updates            | 1860        |
|    policy_gradient_loss | -0.00475    |
|    std                  | 0.861       |
|    value_loss           | 2.72e-06    |
-----------------------------------------
-----------------------------------------
| time/                   |             |
|    fps                  | 8           |
|    iterations           | 188         |
|    time_elapsed         | 12019       |
|    total_timesteps      | 96256       |
| train/                  |             |
|    approx_kl            | 0.007462114 |
|    clip_fraction        | 0.0852      |
|    clip_range           | 0.2         |
|    entropy_loss         | -3.78       |
|    explained_variance   | -4.16       |
|    learning_rate        | 0.0003      |
|    loss                 | 0.0162      |
|    n_updates            | 1870        |
|    policy_gradient_loss | -0.00346    |
|    std                  | 0.86        |
|    value_loss           | 2.77e-07    |
-----------------------------------------
-----------------------------------------
| time/                   |             |
|    fps                  | 8           |
|    iterations           | 189         |
|    time_elapsed         | 12084       |
|    total_timesteps      | 96768       |
| train/                  |             |
|    approx_kl            | 0.011940918 |
|    clip_fraction        | 0.122       |
|    clip_range           | 0.2         |
|    entropy_loss         | -3.77       |
|    explained_variance   | -108        |
|    learning_rate        | 0.0003      |
|    loss                 | -0.0274     |
|    n_updates            | 1880        |
|    policy_gradient_loss | -0.00225    |
|    std                  | 0.855       |
|    value_loss           | 2.02e-06    |
-----------------------------------------
-----------------------------------------
| time/                   |             |
|    fps                  | 8           |
|    iterations           | 190         |
|    time_elapsed         | 12149       |
|    total_timesteps      | 97280       |
| train/                  |             |
|    approx_kl            | 0.015160686 |
|    clip_fraction        | 0.121       |
|    clip_range           | 0.2         |
|    entropy_loss         | -3.76       |
|    explained_variance   | -33.8       |
|    learning_rate        | 0.0003      |
|    loss                 | -0.0073     |
|    n_updates            | 1890        |
|    policy_gradient_loss | -0.00855    |
|    std                  | 0.853       |
|    value_loss           | 8.9e-07     |
-----------------------------------------
------------------------------------------
| time/                   |              |
|    fps                  | 8            |
|    iterations           | 191          |
|    time_elapsed         | 12214        |
|    total_timesteps      | 97792        |
| train/                  |              |
|    approx_kl            | 0.0066975714 |
|    clip_fraction        | 0.0674       |
|    clip_range           | 0.2          |
|    entropy_loss         | -3.75        |
|    explained_variance   | -28.7        |
|    learning_rate        | 0.0003       |
|    loss                 | -0.0241      |
|    n_updates            | 1900         |
|    policy_gradient_loss | -0.00529     |
|    std                  | 0.849        |
|    value_loss           | 3.62e-07     |
------------------------------------------
----------------------------------------
| time/                   |            |
|    fps                  | 8          |
|    iterations           | 192        |
|    time_elapsed         | 12280      |
|    total_timesteps      | 98304      |
| train/                  |            |
|    approx_kl            | 0.00909094 |
|    clip_fraction        | 0.121      |
|    clip_range           | 0.2        |
|    entropy_loss         | -3.74      |
|    explained_variance   | -269       |
|    learning_rate        | 0.0003     |
|    loss                 | 0.0139     |
|    n_updates            | 1910       |
|    policy_gradient_loss | -0.00321   |
|    std                  | 0.847      |
|    value_loss           | 1.13e-06   |
----------------------------------------
-----------------------------------------
| time/                   |             |
|    fps                  | 8           |
|    iterations           | 193         |
|    time_elapsed         | 12347       |
|    total_timesteps      | 98816       |
| train/                  |             |
|    approx_kl            | 0.010378508 |
|    clip_fraction        | 0.0859      |
|    clip_range           | 0.2         |
|    entropy_loss         | -3.73       |
|    explained_variance   | -8.73       |
|    learning_rate        | 0.0003      |
|    loss                 | 0.022       |
|    n_updates            | 1920        |
|    policy_gradient_loss | -0.00618    |
|    std                  | 0.845       |
|    value_loss           | 6.5e-07     |
-----------------------------------------
-----------------------------------------
| time/                   |             |
|    fps                  | 8           |
|    iterations           | 194         |
|    time_elapsed         | 12413       |
|    total_timesteps      | 99328       |
| train/                  |             |
|    approx_kl            | 0.008852651 |
|    clip_fraction        | 0.124       |
|    clip_range           | 0.2         |
|    entropy_loss         | -3.73       |
|    explained_variance   | -22.8       |
|    learning_rate        | 0.0003      |
|    loss                 | 0.025       |
|    n_updates            | 1930        |
|    policy_gradient_loss | -0.00769    |
|    std                  | 0.844       |
|    value_loss           | 5.86e-08    |
-----------------------------------------
-----------------------------------------
| time/                   |             |
|    fps                  | 7           |
|    iterations           | 195         |
|    time_elapsed         | 12480       |
|    total_timesteps      | 99840       |
| train/                  |             |
|    approx_kl            | 0.006230309 |
|    clip_fraction        | 0.0947      |
|    clip_range           | 0.2         |
|    entropy_loss         | -3.72       |
|    explained_variance   | -47.2       |
|    learning_rate        | 0.0003      |
|    loss                 | 0.00605     |
|    n_updates            | 1940        |
|    policy_gradient_loss | -0.0045     |
|    std                  | 0.842       |
|    value_loss           | 1.05e-07    |
-----------------------------------------
-----------------------------------------
| time/                   |             |
|    fps                  | 7           |
|    iterations           | 196         |
|    time_elapsed         | 12547       |
|    total_timesteps      | 100352      |
| train/                  |             |
|    approx_kl            | 0.008623744 |
|    clip_fraction        | 0.122       |
|    clip_range           | 0.2         |
|    entropy_loss         | -3.72       |
|    explained_variance   | -64         |
|    learning_rate        | 0.0003      |
|    loss                 | -0.0234     |
|    n_updates            | 1950        |
|    policy_gradient_loss | -0.00969    |
|    std                  | 0.843       |
|    value_loss           | 1.58e-07    |
-----------------------------------------
-----------------------------------------
| time/                   |             |
|    fps                  | 7           |
|    iterations           | 197         |
|    time_elapsed         | 12613       |
|    total_timesteps      | 100864      |
| train/                  |             |
|    approx_kl            | 0.009963205 |
|    clip_fraction        | 0.0703      |
|    clip_range           | 0.2         |
|    entropy_loss         | -3.71       |
|    explained_variance   | -283        |
|    learning_rate        | 0.0003      |
|    loss                 | -0.0209     |
|    n_updates            | 1960        |
|    policy_gradient_loss | -0.00658    |
|    std                  | 0.837       |
|    value_loss           | 1.8e-07     |
-----------------------------------------
----------------------------------------
| time/                   |            |
|    fps                  | 7          |
|    iterations           | 198        |
|    time_elapsed         | 12680      |
|    total_timesteps      | 101376     |
| train/                  |            |
|    approx_kl            | 0.00946996 |
|    clip_fraction        | 0.137      |
|    clip_range           | 0.2        |
|    entropy_loss         | -3.7       |
|    explained_variance   | -242       |
|    learning_rate        | 0.0003     |
|    loss                 | -0.0121    |
|    n_updates            | 1970       |
|    policy_gradient_loss | -0.00932   |
|    std                  | 0.836      |
|    value_loss           | 6.85e-07   |
----------------------------------------
-----------------------------------------
| time/                   |             |
|    fps                  | 7           |
|    iterations           | 199         |
|    time_elapsed         | 12747       |
|    total_timesteps      | 101888      |
| train/                  |             |
|    approx_kl            | 0.011081861 |
|    clip_fraction        | 0.0705      |
|    clip_range           | 0.2         |
|    entropy_loss         | -3.69       |
|    explained_variance   | -3.75e+04   |
|    learning_rate        | 0.0003      |
|    loss                 | -0.0255     |
|    n_updates            | 1980        |
|    policy_gradient_loss | -0.0061     |
|    std                  | 0.834       |
|    value_loss           | 3.67e-06    |
-----------------------------------------
-----------------------------------------
| time/                   |             |
|    fps                  | 7           |
|    iterations           | 200         |
|    time_elapsed         | 12814       |
|    total_timesteps      | 102400      |
| train/                  |             |
|    approx_kl            | 0.014056455 |
|    clip_fraction        | 0.124       |
|    clip_range           | 0.2         |
|    entropy_loss         | -3.69       |
|    explained_variance   | -306        |
|    learning_rate        | 0.0003      |
|    loss                 | -0.0259     |
|    n_updates            | 1990        |
|    policy_gradient_loss | -0.0105     |
|    std                  | 0.832       |
|    value_loss           | 3.73e-07    |
-----------------------------------------
-----------------------------------------
| time/                   |             |
|    fps                  | 7           |
|    iterations           | 201         |
|    time_elapsed         | 12881       |
|    total_timesteps      | 102912      |
| train/                  |             |
|    approx_kl            | 0.005747137 |
|    clip_fraction        | 0.0793      |
|    clip_range           | 0.2         |
|    entropy_loss         | -3.68       |
|    explained_variance   | -1.04e+03   |
|    learning_rate        | 0.0003      |
|    loss                 | -0.0267     |
|    n_updates            | 2000        |
|    policy_gradient_loss | -0.00501    |
|    std                  | 0.831       |
|    value_loss           | 4.3e-06     |
-----------------------------------------
-----------------------------------------
| time/                   |             |
|    fps                  | 7           |
|    iterations           | 202         |
|    time_elapsed         | 12948       |
|    total_timesteps      | 103424      |
| train/                  |             |
|    approx_kl            | 0.012303994 |
|    clip_fraction        | 0.0998      |
|    clip_range           | 0.2         |
|    entropy_loss         | -3.68       |
|    explained_variance   | -1.1e+04    |
|    learning_rate        | 0.0003      |
|    loss                 | -0.0014     |
|    n_updates            | 2010        |
|    policy_gradient_loss | -0.00502    |
|    std                  | 0.833       |
|    value_loss           | 2e-05       |
-----------------------------------------
------------------------------------------
| time/                   |              |
|    fps                  | 7            |
|    iterations           | 203          |
|    time_elapsed         | 13015        |
|    total_timesteps      | 103936       |
| train/                  |              |
|    approx_kl            | 0.0034658513 |
|    clip_fraction        | 0.0553       |
|    clip_range           | 0.2          |
|    entropy_loss         | -3.68        |
|    explained_variance   | -849         |
|    learning_rate        | 0.0003       |
|    loss                 | 4.66e-10     |
|    n_updates            | 2020         |
|    policy_gradient_loss | -0.00542     |
|    std                  | 0.834        |
|    value_loss           | 2.35e-06     |
------------------------------------------
-----------------------------------------
| time/                   |             |
|    fps                  | 7           |
|    iterations           | 204         |
|    time_elapsed         | 13082       |
|    total_timesteps      | 104448      |
| train/                  |             |
|    approx_kl            | 0.008045963 |
|    clip_fraction        | 0.0758      |
|    clip_range           | 0.2         |
|    entropy_loss         | -3.69       |
|    explained_variance   | -1.63e+03   |
|    learning_rate        | 0.0003      |
|    loss                 | -0.0358     |
|    n_updates            | 2030        |
|    policy_gradient_loss | -0.00404    |
|    std                  | 0.836       |
|    value_loss           | 6.66e-07    |
-----------------------------------------
------------------------------------------
| time/                   |              |
|    fps                  | 7            |
|    iterations           | 205          |
|    time_elapsed         | 13148        |
|    total_timesteps      | 104960       |
| train/                  |              |
|    approx_kl            | 0.0057407985 |
|    clip_fraction        | 0.0799       |
|    clip_range           | 0.2          |
|    entropy_loss         | -3.69        |
|    explained_variance   | -568         |
|    learning_rate        | 0.0003       |
|    loss                 | -0.0133      |
|    n_updates            | 2040         |
|    policy_gradient_loss | -0.00406     |
|    std                  | 0.835        |
|    value_loss           | 5.62e-07     |
------------------------------------------
------------------------------------------
| time/                   |              |
|    fps                  | 7            |
|    iterations           | 206          |
|    time_elapsed         | 13215        |
|    total_timesteps      | 105472       |
| train/                  |              |
|    approx_kl            | 0.0047079027 |
|    clip_fraction        | 0.0166       |
|    clip_range           | 0.2          |
|    entropy_loss         | -3.69        |
|    explained_variance   | -3.5e+03     |
|    learning_rate        | 0.0003       |
|    loss                 | -0.0258      |
|    n_updates            | 2050         |
|    policy_gradient_loss | -0.00281     |
|    std                  | 0.834        |
|    value_loss           | 5.78e-07     |
------------------------------------------
------------------------------------------
| time/                   |              |
|    fps                  | 7            |
|    iterations           | 207          |
|    time_elapsed         | 13280        |
|    total_timesteps      | 105984       |
| train/                  |              |
|    approx_kl            | 0.0026343758 |
|    clip_fraction        | 0.0187       |
|    clip_range           | 0.2          |
|    entropy_loss         | -3.69        |
|    explained_variance   | -442         |
|    learning_rate        | 0.0003       |
|    loss                 | 0.0196       |
|    n_updates            | 2060         |
|    policy_gradient_loss | -0.00214     |
|    std                  | 0.835        |
|    value_loss           | 8.82e-07     |
------------------------------------------
------------------------------------------
| time/                   |              |
|    fps                  | 7            |
|    iterations           | 208          |
|    time_elapsed         | 13345        |
|    total_timesteps      | 106496       |
| train/                  |              |
|    approx_kl            | 0.0077519664 |
|    clip_fraction        | 0.0939       |
|    clip_range           | 0.2          |
|    entropy_loss         | -3.69        |
|    explained_variance   | -373         |
|    learning_rate        | 0.0003       |
|    loss                 | 0.000806     |
|    n_updates            | 2070         |
|    policy_gradient_loss | -0.0068      |
|    std                  | 0.836        |
|    value_loss           | 4.53e-07     |
------------------------------------------
-----------------------------------------
| time/                   |             |
|    fps                  | 7           |
|    iterations           | 209         |
|    time_elapsed         | 13412       |
|    total_timesteps      | 107008      |
| train/                  |             |
|    approx_kl            | 0.005757513 |
|    clip_fraction        | 0.0455      |
|    clip_range           | 0.2         |
|    entropy_loss         | -3.7        |
|    explained_variance   | -761        |
|    learning_rate        | 0.0003      |
|    loss                 | 5.26e-07    |
|    n_updates            | 2080        |
|    policy_gradient_loss | -0.00107    |
|    std                  | 0.84        |
|    value_loss           | 1.41e-06    |
-----------------------------------------
------------------------------------------
| time/                   |              |
|    fps                  | 7            |
|    iterations           | 210          |
|    time_elapsed         | 13479        |
|    total_timesteps      | 107520       |
| train/                  |              |
|    approx_kl            | 0.0080735665 |
|    clip_fraction        | 0.0736       |
|    clip_range           | 0.2          |
|    entropy_loss         | -3.71        |
|    explained_variance   | -8.82e+03    |
|    learning_rate        | 0.0003       |
|    loss                 | -0.0254      |
|    n_updates            | 2090         |
|    policy_gradient_loss | -0.0019      |
|    std                  | 0.843        |
|    value_loss           | 1.82e-05     |
------------------------------------------
-----------------------------------------
| time/                   |             |
|    fps                  | 7           |
|    iterations           | 211         |
|    time_elapsed         | 13545       |
|    total_timesteps      | 108032      |
| train/                  |             |
|    approx_kl            | 0.010440153 |
|    clip_fraction        | 0.0799      |
|    clip_range           | 0.2         |
|    entropy_loss         | -3.72       |
|    explained_variance   | -54.6       |
|    learning_rate        | 0.0003      |
|    loss                 | 0.000403    |
|    n_updates            | 2100        |
|    policy_gradient_loss | -0.00375    |
|    std                  | 0.842       |
|    value_loss           | 4.28e-06    |
-----------------------------------------
-----------------------------------------
| time/                   |             |
|    fps                  | 7           |
|    iterations           | 212         |
|    time_elapsed         | 13609       |
|    total_timesteps      | 108544      |
| train/                  |             |
|    approx_kl            | 0.011585837 |
|    clip_fraction        | 0.113       |
|    clip_range           | 0.2         |
|    entropy_loss         | -3.71       |
|    explained_variance   | -620        |
|    learning_rate        | 0.0003      |
|    loss                 | -0.00592    |
|    n_updates            | 2110        |
|    policy_gradient_loss | -0.00256    |
|    std                  | 0.84        |
|    value_loss           | 1.85e-06    |
-----------------------------------------
------------------------------------------
| time/                   |              |
|    fps                  | 7            |
|    iterations           | 213          |
|    time_elapsed         | 13674        |
|    total_timesteps      | 109056       |
| train/                  |              |
|    approx_kl            | 0.0054066386 |
|    clip_fraction        | 0.0699       |
|    clip_range           | 0.2          |
|    entropy_loss         | -3.7         |
|    explained_variance   | -750         |
|    learning_rate        | 0.0003       |
|    loss                 | 0.00113      |
|    n_updates            | 2120         |
|    policy_gradient_loss | -0.00414     |
|    std                  | 0.838        |
|    value_loss           | 2.99e-06     |
------------------------------------------
-----------------------------------------
| time/                   |             |
|    fps                  | 7           |
|    iterations           | 214         |
|    time_elapsed         | 13740       |
|    total_timesteps      | 109568      |
| train/                  |             |
|    approx_kl            | 0.013981331 |
|    clip_fraction        | 0.152       |
|    clip_range           | 0.2         |
|    entropy_loss         | -3.7        |
|    explained_variance   | -283        |
|    learning_rate        | 0.0003      |
|    loss                 | 0.00208     |
|    n_updates            | 2130        |
|    policy_gradient_loss | -0.00587    |
|    std                  | 0.837       |
|    value_loss           | 1.32e-06    |
-----------------------------------------
-----------------------------------------
| time/                   |             |
|    fps                  | 7           |
|    iterations           | 215         |
|    time_elapsed         | 13805       |
|    total_timesteps      | 110080      |
| train/                  |             |
|    approx_kl            | 0.007939087 |
|    clip_fraction        | 0.0664      |
|    clip_range           | 0.2         |
|    entropy_loss         | -3.69       |
|    explained_variance   | -28.9       |
|    learning_rate        | 0.0003      |
|    loss                 | -0.0264     |
|    n_updates            | 2140        |
|    policy_gradient_loss | -0.00369    |
|    std                  | 0.835       |
|    value_loss           | 1.28e-08    |
-----------------------------------------
-----------------------------------------
| time/                   |             |
|    fps                  | 7           |
|    iterations           | 216         |
|    time_elapsed         | 13869       |
|    total_timesteps      | 110592      |
| train/                  |             |
|    approx_kl            | 0.003851337 |
|    clip_fraction        | 0.0424      |
|    clip_range           | 0.2         |
|    entropy_loss         | -3.69       |
|    explained_variance   | -2.39e+05   |
|    learning_rate        | 0.0003      |
|    loss                 | 7.04e-06    |
|    n_updates            | 2150        |
|    policy_gradient_loss | -0.00182    |
|    std                  | 0.834       |
|    value_loss           | 0.000774    |
-----------------------------------------
-----------------------------------------
| time/                   |             |
|    fps                  | 7           |
|    iterations           | 217         |
|    time_elapsed         | 13934       |
|    total_timesteps      | 111104      |
| train/                  |             |
|    approx_kl            | 0.015339418 |
|    clip_fraction        | 0.105       |
|    clip_range           | 0.2         |
|    entropy_loss         | -3.68       |
|    explained_variance   | -786        |
|    learning_rate        | 0.0003      |
|    loss                 | -0.0236     |
|    n_updates            | 2160        |
|    policy_gradient_loss | -0.00258    |
|    std                  | 0.832       |
|    value_loss           | 3.41e-06    |
-----------------------------------------
----------------------------------------
| time/                   |            |
|    fps                  | 7          |
|    iterations           | 218        |
|    time_elapsed         | 13998      |
|    total_timesteps      | 111616     |
| train/                  |            |
|    approx_kl            | 0.01277175 |
|    clip_fraction        | 0.0875     |
|    clip_range           | 0.2        |
|    entropy_loss         | -3.69      |
|    explained_variance   | -2.95e+03  |
|    learning_rate        | 0.0003     |
|    loss                 | -0.00276   |
|    n_updates            | 2170       |
|    policy_gradient_loss | -0.00176   |
|    std                  | 0.835      |
|    value_loss           | 1.2e-06    |
----------------------------------------
-----------------------------------------
| time/                   |             |
|    fps                  | 7           |
|    iterations           | 219         |
|    time_elapsed         | 14063       |
|    total_timesteps      | 112128      |
| train/                  |             |
|    approx_kl            | 0.007978679 |
|    clip_fraction        | 0.0555      |
|    clip_range           | 0.2         |
|    entropy_loss         | -3.69       |
|    explained_variance   | -79         |
|    learning_rate        | 0.0003      |
|    loss                 | 0.0327      |
|    n_updates            | 2180        |
|    policy_gradient_loss | 2.84e-05    |
|    std                  | 0.834       |
|    value_loss           | 5.16e-08    |
-----------------------------------------
------------------------------------------
| time/                   |              |
|    fps                  | 7            |
|    iterations           | 220          |
|    time_elapsed         | 14127        |
|    total_timesteps      | 112640       |
| train/                  |              |
|    approx_kl            | 0.0018802813 |
|    clip_fraction        | 0.0316       |
|    clip_range           | 0.2          |
|    entropy_loss         | -3.68        |
|    explained_variance   | -224         |
|    learning_rate        | 0.0003       |
|    loss                 | 0.0115       |
|    n_updates            | 2190         |
|    policy_gradient_loss | -0.000564    |
|    std                  | 0.832        |
|    value_loss           | 1.05e-07     |
------------------------------------------
------------------------------------------
| time/                   |              |
|    fps                  | 7            |
|    iterations           | 221          |
|    time_elapsed         | 14192        |
|    total_timesteps      | 113152       |
| train/                  |              |
|    approx_kl            | 0.0070609925 |
|    clip_fraction        | 0.0758       |
|    clip_range           | 0.2          |
|    entropy_loss         | -3.67        |
|    explained_variance   | -1.18e+03    |
|    learning_rate        | 0.0003       |
|    loss                 | -0.0269      |
|    n_updates            | 2200         |
|    policy_gradient_loss | -0.00264     |
|    std                  | 0.83         |
|    value_loss           | 7.07e-08     |
------------------------------------------
------------------------------------------
| time/                   |              |
|    fps                  | 7            |
|    iterations           | 222          |
|    time_elapsed         | 14257        |
|    total_timesteps      | 113664       |
| train/                  |              |
|    approx_kl            | 0.0056203934 |
|    clip_fraction        | 0.0832       |
|    clip_range           | 0.2          |
|    entropy_loss         | -3.67        |
|    explained_variance   | -1.11e+03    |
|    learning_rate        | 0.0003       |
|    loss                 | 7.45e-09     |
|    n_updates            | 2210         |
|    policy_gradient_loss | -0.00196     |
|    std                  | 0.83         |
|    value_loss           | 7.06e-08     |
------------------------------------------
-----------------------------------------
| time/                   |             |
|    fps                  | 7           |
|    iterations           | 223         |
|    time_elapsed         | 14322       |
|    total_timesteps      | 114176      |
| train/                  |             |
|    approx_kl            | 0.008926051 |
|    clip_fraction        | 0.148       |
|    clip_range           | 0.2         |
|    entropy_loss         | -3.67       |
|    explained_variance   | -142        |
|    learning_rate        | 0.0003      |
|    loss                 | 0           |
|    n_updates            | 2220        |
|    policy_gradient_loss | -0.0019     |
|    std                  | 0.83        |
|    value_loss           | 3.74e-08    |
-----------------------------------------
------------------------------------------
| time/                   |              |
|    fps                  | 7            |
|    iterations           | 224          |
|    time_elapsed         | 14386        |
|    total_timesteps      | 114688       |
| train/                  |              |
|    approx_kl            | 0.0144037325 |
|    clip_fraction        | 0.137        |
|    clip_range           | 0.2          |
|    entropy_loss         | -3.67        |
|    explained_variance   | nan          |
|    learning_rate        | 0.0003       |
|    loss                 | 9.43e-09     |
|    n_updates            | 2230         |
|    policy_gradient_loss | -0.00217     |
|    std                  | 0.83         |
|    value_loss           | 1.44e-07     |
------------------------------------------
-----------------------------------------
| time/                   |             |
|    fps                  | 7           |
|    iterations           | 225         |
|    time_elapsed         | 14451       |
|    total_timesteps      | 115200      |
| train/                  |             |
|    approx_kl            | 0.018876988 |
|    clip_fraction        | 0.259       |
|    clip_range           | 0.2         |
|    entropy_loss         | -3.67       |
|    explained_variance   | -289        |
|    learning_rate        | 0.0003      |
|    loss                 | 2.91e-09    |
|    n_updates            | 2240        |
|    policy_gradient_loss | -0.00243    |
|    std                  | 0.83        |
|    value_loss           | 7.39e-08    |
-----------------------------------------
-----------------------------------------
| time/                   |             |
|    fps                  | 7           |
|    iterations           | 226         |
|    time_elapsed         | 14516       |
|    total_timesteps      | 115712      |
| train/                  |             |
|    approx_kl            | 0.007526526 |
|    clip_fraction        | 0.129       |
|    clip_range           | 0.2         |
|    entropy_loss         | -3.67       |
|    explained_variance   | -35.9       |
|    learning_rate        | 0.0003      |
|    loss                 | -0.025      |
|    n_updates            | 2250        |
|    policy_gradient_loss | -0.00461    |
|    std                  | 0.827       |
|    value_loss           | 5.24e-07    |
-----------------------------------------
------------------------------------------
| time/                   |              |
|    fps                  | 7            |
|    iterations           | 227          |
|    time_elapsed         | 14581        |
|    total_timesteps      | 116224       |
| train/                  |              |
|    approx_kl            | 0.0106540555 |
|    clip_fraction        | 0.083        |
|    clip_range           | 0.2          |
|    entropy_loss         | -3.66        |
|    explained_variance   | -212         |
|    learning_rate        | 0.0003       |
|    loss                 | 0.00945      |
|    n_updates            | 2260         |
|    policy_gradient_loss | -0.00165     |
|    std                  | 0.825        |
|    value_loss           | 2.44e-06     |
------------------------------------------
-----------------------------------------
| time/                   |             |
|    fps                  | 7           |
|    iterations           | 228         |
|    time_elapsed         | 14646       |
|    total_timesteps      | 116736      |
| train/                  |             |
|    approx_kl            | 0.009133568 |
|    clip_fraction        | 0.111       |
|    clip_range           | 0.2         |
|    entropy_loss         | -3.66       |
|    explained_variance   | -97.8       |
|    learning_rate        | 0.0003      |
|    loss                 | -0.0311     |
|    n_updates            | 2270        |
|    policy_gradient_loss | -0.00263    |
|    std                  | 0.827       |
|    value_loss           | 1.48e-07    |
-----------------------------------------
----------------------------------------
| time/                   |            |
|    fps                  | 7          |
|    iterations           | 229        |
|    time_elapsed         | 14711      |
|    total_timesteps      | 117248     |
| train/                  |            |
|    approx_kl            | 0.00985311 |
|    clip_fraction        | 0.0824     |
|    clip_range           | 0.2        |
|    entropy_loss         | -3.66      |
|    explained_variance   | -225       |
|    learning_rate        | 0.0003     |
|    loss                 | 0.0103     |
|    n_updates            | 2280       |
|    policy_gradient_loss | -0.00229   |
|    std                  | 0.828      |
|    value_loss           | 4.33e-08   |
----------------------------------------
------------------------------------------
| time/                   |              |
|    fps                  | 7            |
|    iterations           | 230          |
|    time_elapsed         | 14775        |
|    total_timesteps      | 117760       |
| train/                  |              |
|    approx_kl            | 0.0026721177 |
|    clip_fraction        | 0.0705       |
|    clip_range           | 0.2          |
|    entropy_loss         | -3.66        |
|    explained_variance   | -16          |
|    learning_rate        | 0.0003       |
|    loss                 | -0.00207     |
|    n_updates            | 2290         |
|    policy_gradient_loss | -0.00227     |
|    std                  | 0.827        |
|    value_loss           | 8.48e-06     |
------------------------------------------
------------------------------------------
| time/                   |              |
|    fps                  | 7            |
|    iterations           | 231          |
|    time_elapsed         | 14839        |
|    total_timesteps      | 118272       |
| train/                  |              |
|    approx_kl            | 0.0024863426 |
|    clip_fraction        | 0.0477       |
|    clip_range           | 0.2          |
|    entropy_loss         | -3.66        |
|    explained_variance   | -0.32        |
|    learning_rate        | 0.0003       |
|    loss                 | -0.0047      |
|    n_updates            | 2300         |
|    policy_gradient_loss | -0.00185     |
|    std                  | 0.824        |
|    value_loss           | 6.94e-07     |
------------------------------------------
-----------------------------------------
| time/                   |             |
|    fps                  | 7           |
|    iterations           | 232         |
|    time_elapsed         | 14904       |
|    total_timesteps      | 118784      |
| train/                  |             |
|    approx_kl            | 0.012562115 |
|    clip_fraction        | 0.13        |
|    clip_range           | 0.2         |
|    entropy_loss         | -3.65       |
|    explained_variance   | -1.24       |
|    learning_rate        | 0.0003      |
|    loss                 | 0.0224      |
|    n_updates            | 2310        |
|    policy_gradient_loss | -0.0019     |
|    std                  | 0.822       |
|    value_loss           | 1.44e-06    |
-----------------------------------------
-----------------------------------------
| time/                   |             |
|    fps                  | 7           |
|    iterations           | 233         |
|    time_elapsed         | 14969       |
|    total_timesteps      | 119296      |
| train/                  |             |
|    approx_kl            | 0.012658477 |
|    clip_fraction        | 0.0773      |
|    clip_range           | 0.2         |
|    entropy_loss         | -3.64       |
|    explained_variance   | -0.515      |
|    learning_rate        | 0.0003      |
|    loss                 | -0.00814    |
|    n_updates            | 2320        |
|    policy_gradient_loss | -0.00303    |
|    std                  | 0.823       |
|    value_loss           | 2.99e-06    |
-----------------------------------------
-----------------------------------------
| time/                   |             |
|    fps                  | 7           |
|    iterations           | 234         |
|    time_elapsed         | 15033       |
|    total_timesteps      | 119808      |
| train/                  |             |
|    approx_kl            | 0.004273981 |
|    clip_fraction        | 0.0906      |
|    clip_range           | 0.2         |
|    entropy_loss         | -3.65       |
|    explained_variance   | -4.24       |
|    learning_rate        | 0.0003      |
|    loss                 | 0.00874     |
|    n_updates            | 2330        |
|    policy_gradient_loss | 0.000334    |
|    std                  | 0.824       |
|    value_loss           | 2.3e-07     |
-----------------------------------------
-----------------------------------------
| time/                   |             |
|    fps                  | 7           |
|    iterations           | 235         |
|    time_elapsed         | 15098       |
|    total_timesteps      | 120320      |
| train/                  |             |
|    approx_kl            | 0.005586953 |
|    clip_fraction        | 0.0531      |
|    clip_range           | 0.2         |
|    entropy_loss         | -3.65       |
|    explained_variance   | -5.3        |
|    learning_rate        | 0.0003      |
|    loss                 | -0.00503    |
|    n_updates            | 2340        |
|    policy_gradient_loss | -0.0021     |
|    std                  | 0.823       |
|    value_loss           | 1.47e-07    |
-----------------------------------------
-----------------------------------------
| time/                   |             |
|    fps                  | 7           |
|    iterations           | 236         |
|    time_elapsed         | 15163       |
|    total_timesteps      | 120832      |
| train/                  |             |
|    approx_kl            | 0.008141536 |
|    clip_fraction        | 0.092       |
|    clip_range           | 0.2         |
|    entropy_loss         | -3.65       |
|    explained_variance   | -4.23       |
|    learning_rate        | 0.0003      |
|    loss                 | -0.0252     |
|    n_updates            | 2350        |
|    policy_gradient_loss | -0.00344    |
|    std                  | 0.822       |
|    value_loss           | 2.37e-07    |
-----------------------------------------
-----------------------------------------
| time/                   |             |
|    fps                  | 7           |
|    iterations           | 237         |
|    time_elapsed         | 15228       |
|    total_timesteps      | 121344      |
| train/                  |             |
|    approx_kl            | 0.006671292 |
|    clip_fraction        | 0.0535      |
|    clip_range           | 0.2         |
|    entropy_loss         | -3.64       |
|    explained_variance   | -3.42       |
|    learning_rate        | 0.0003      |
|    loss                 | -0.0239     |
|    n_updates            | 2360        |
|    policy_gradient_loss | -0.00231    |
|    std                  | 0.822       |
|    value_loss           | 6.49e-08    |
-----------------------------------------
-----------------------------------------
| time/                   |             |
|    fps                  | 7           |
|    iterations           | 238         |
|    time_elapsed         | 15292       |
|    total_timesteps      | 121856      |
| train/                  |             |
|    approx_kl            | 0.008130712 |
|    clip_fraction        | 0.109       |
|    clip_range           | 0.2         |
|    entropy_loss         | -3.64       |
|    explained_variance   | -20.4       |
|    learning_rate        | 0.0003      |
|    loss                 | -0.0332     |
|    n_updates            | 2370        |
|    policy_gradient_loss | -0.00389    |
|    std                  | 0.821       |
|    value_loss           | 1.68e-07    |
-----------------------------------------
------------------------------------------
| time/                   |              |
|    fps                  | 7            |
|    iterations           | 239          |
|    time_elapsed         | 15357        |
|    total_timesteps      | 122368       |
| train/                  |              |
|    approx_kl            | 0.0056522265 |
|    clip_fraction        | 0.0475       |
|    clip_range           | 0.2          |
|    entropy_loss         | -3.65        |
|    explained_variance   | -48.2        |
|    learning_rate        | 0.0003       |
|    loss                 | 0.00147      |
|    n_updates            | 2380         |
|    policy_gradient_loss | 0.000659     |
|    std                  | 0.826        |
|    value_loss           | 3.07e-07     |
------------------------------------------
-----------------------------------------
| time/                   |             |
|    fps                  | 7           |
|    iterations           | 240         |
|    time_elapsed         | 15422       |
|    total_timesteps      | 122880      |
| train/                  |             |
|    approx_kl            | 0.003195596 |
|    clip_fraction        | 0.0779      |
|    clip_range           | 0.2         |
|    entropy_loss         | -3.66       |
|    explained_variance   | -15.2       |
|    learning_rate        | 0.0003      |
|    loss                 | 0.00198     |
|    n_updates            | 2390        |
|    policy_gradient_loss | -0.00235    |
|    std                  | 0.826       |
|    value_loss           | 1.14e-07    |
-----------------------------------------
------------------------------------------
| time/                   |              |
|    fps                  | 7            |
|    iterations           | 241          |
|    time_elapsed         | 15487        |
|    total_timesteps      | 123392       |
| train/                  |              |
|    approx_kl            | 0.0060218787 |
|    clip_fraction        | 0.0182       |
|    clip_range           | 0.2          |
|    entropy_loss         | -3.65        |
|    explained_variance   | -12          |
|    learning_rate        | 0.0003       |
|    loss                 | 0.00355      |
|    n_updates            | 2400         |
|    policy_gradient_loss | -0.00174     |
|    std                  | 0.824        |
|    value_loss           | 2.97e-06     |
------------------------------------------
-----------------------------------------
| time/                   |             |
|    fps                  | 7           |
|    iterations           | 242         |
|    time_elapsed         | 15552       |
|    total_timesteps      | 123904      |
| train/                  |             |
|    approx_kl            | 0.005765887 |
|    clip_fraction        | 0.0523      |
|    clip_range           | 0.2         |
|    entropy_loss         | -3.65       |
|    explained_variance   | -1.99e+03   |
|    learning_rate        | 0.0003      |
|    loss                 | -0.0201     |
|    n_updates            | 2410        |
|    policy_gradient_loss | -0.00237    |
|    std                  | 0.824       |
|    value_loss           | 1.91e-06    |
-----------------------------------------
-----------------------------------------
| time/                   |             |
|    fps                  | 7           |
|    iterations           | 243         |
|    time_elapsed         | 15617       |
|    total_timesteps      | 124416      |
| train/                  |             |
|    approx_kl            | 0.006354547 |
|    clip_fraction        | 0.111       |
|    clip_range           | 0.2         |
|    entropy_loss         | -3.65       |
|    explained_variance   | nan         |
|    learning_rate        | 0.0003      |
|    loss                 | -0.0217     |
|    n_updates            | 2420        |
|    policy_gradient_loss | -0.00196    |
|    std                  | 0.824       |
|    value_loss           | 1.31e-06    |
-----------------------------------------
------------------------------------------
| time/                   |              |
|    fps                  | 7            |
|    iterations           | 244          |
|    time_elapsed         | 15681        |
|    total_timesteps      | 124928       |
| train/                  |              |
|    approx_kl            | 0.0076579363 |
|    clip_fraction        | 0.0633       |
|    clip_range           | 0.2          |
|    entropy_loss         | -3.65        |
|    explained_variance   | -3e+04       |
|    learning_rate        | 0.0003       |
|    loss                 | 2.62e-08     |
|    n_updates            | 2430         |
|    policy_gradient_loss | -0.00213     |
|    std                  | 0.824        |
|    value_loss           | 2.09e-06     |
------------------------------------------
-----------------------------------------
| time/                   |             |
|    fps                  | 7           |
|    iterations           | 245         |
|    time_elapsed         | 15746       |
|    total_timesteps      | 125440      |
| train/                  |             |
|    approx_kl            | 0.008008091 |
|    clip_fraction        | 0.0455      |
|    clip_range           | 0.2         |
|    entropy_loss         | -3.65       |
|    explained_variance   | -42.6       |
|    learning_rate        | 0.0003      |
|    loss                 | -0.00895    |
|    n_updates            | 2440        |
|    policy_gradient_loss | -0.00122    |
|    std                  | 0.823       |
|    value_loss           | 1.38e-07    |
-----------------------------------------
-----------------------------------------
| time/                   |             |
|    fps                  | 7           |
|    iterations           | 246         |
|    time_elapsed         | 15811       |
|    total_timesteps      | 125952      |
| train/                  |             |
|    approx_kl            | 0.006791703 |
|    clip_fraction        | 0.092       |
|    clip_range           | 0.2         |
|    entropy_loss         | -3.65       |
|    explained_variance   | -267        |
|    learning_rate        | 0.0003      |
|    loss                 | 6.2e-05     |
|    n_updates            | 2450        |
|    policy_gradient_loss | -0.0023     |
|    std                  | 0.824       |
|    value_loss           | 1.26e-05    |
-----------------------------------------
------------------------------------------
| time/                   |              |
|    fps                  | 7            |
|    iterations           | 247          |
|    time_elapsed         | 15876        |
|    total_timesteps      | 126464       |
| train/                  |              |
|    approx_kl            | 0.0058411374 |
|    clip_fraction        | 0.0971       |
|    clip_range           | 0.2          |
|    entropy_loss         | -3.65        |
|    explained_variance   | -3.02        |
|    learning_rate        | 0.0003       |
|    loss                 | -0.00658     |
|    n_updates            | 2460         |
|    policy_gradient_loss | -0.00245     |
|    std                  | 0.825        |
|    value_loss           | 0.000143     |
------------------------------------------
------------------------------------------
| time/                   |              |
|    fps                  | 7            |
|    iterations           | 248          |
|    time_elapsed         | 15941        |
|    total_timesteps      | 126976       |
| train/                  |              |
|    approx_kl            | 0.0094425045 |
|    clip_fraction        | 0.102        |
|    clip_range           | 0.2          |
|    entropy_loss         | -3.66        |
|    explained_variance   | -0.49        |
|    learning_rate        | 0.0003       |
|    loss                 | 1.05e-08     |
|    n_updates            | 2470         |
|    policy_gradient_loss | -0.00422     |
|    std                  | 0.83         |
|    value_loss           | 2.12e-06     |
------------------------------------------
-----------------------------------------
| time/                   |             |
|    fps                  | 7           |
|    iterations           | 249         |
|    time_elapsed         | 16005       |
|    total_timesteps      | 127488      |
| train/                  |             |
|    approx_kl            | 0.007859265 |
|    clip_fraction        | 0.0523      |
|    clip_range           | 0.2         |
|    entropy_loss         | -3.68       |
|    explained_variance   | -0.543      |
|    learning_rate        | 0.0003      |
|    loss                 | 0.021       |
|    n_updates            | 2480        |
|    policy_gradient_loss | -0.00298    |
|    std                  | 0.835       |
|    value_loss           | 9.49e-07    |
-----------------------------------------
------------------------------------------
| time/                   |              |
|    fps                  | 7            |
|    iterations           | 250          |
|    time_elapsed         | 16070        |
|    total_timesteps      | 128000       |
| train/                  |              |
|    approx_kl            | 0.0134757515 |
|    clip_fraction        | 0.0568       |
|    clip_range           | 0.2          |
|    entropy_loss         | -3.69        |
|    explained_variance   | -2.37        |
|    learning_rate        | 0.0003       |
|    loss                 | -0.0156      |
|    n_updates            | 2490         |
|    policy_gradient_loss | -0.00409     |
|    std                  | 0.835        |
|    value_loss           | 2.02e-07     |
------------------------------------------
------------------------------------------
| time/                   |              |
|    fps                  | 7            |
|    iterations           | 251          |
|    time_elapsed         | 16136        |
|    total_timesteps      | 128512       |
| train/                  |              |
|    approx_kl            | 0.0023224177 |
|    clip_fraction        | 0.0441       |
|    clip_range           | 0.2          |
|    entropy_loss         | -3.69        |
|    explained_variance   | -11.7        |
|    learning_rate        | 0.0003       |
|    loss                 | 1.16e-07     |
|    n_updates            | 2500         |
|    policy_gradient_loss | -0.00172     |
|    std                  | 0.836        |
|    value_loss           | 7.92e-07     |
------------------------------------------
-----------------------------------------
| time/                   |             |
|    fps                  | 7           |
|    iterations           | 252         |
|    time_elapsed         | 16203       |
|    total_timesteps      | 129024      |
| train/                  |             |
|    approx_kl            | 0.001420187 |
|    clip_fraction        | 0.0756      |
|    clip_range           | 0.2         |
|    entropy_loss         | -3.68       |
|    explained_variance   | -33.3       |
|    learning_rate        | 0.0003      |
|    loss                 | -0.00236    |
|    n_updates            | 2510        |
|    policy_gradient_loss | -0.00292    |
|    std                  | 0.834       |
|    value_loss           | 1.18e-06    |
-----------------------------------------
-----------------------------------------
| time/                   |             |
|    fps                  | 7           |
|    iterations           | 253         |
|    time_elapsed         | 16270       |
|    total_timesteps      | 129536      |
| train/                  |             |
|    approx_kl            | 0.010848444 |
|    clip_fraction        | 0.113       |
|    clip_range           | 0.2         |
|    entropy_loss         | -3.68       |
|    explained_variance   | -60.3       |
|    learning_rate        | 0.0003      |
|    loss                 | 6.12e-07    |
|    n_updates            | 2520        |
|    policy_gradient_loss | -0.000879   |
|    std                  | 0.833       |
|    value_loss           | 1.04e-06    |
-----------------------------------------
----------------------------------------
| time/                   |            |
|    fps                  | 7          |
|    iterations           | 254        |
|    time_elapsed         | 16337      |
|    total_timesteps      | 130048     |
| train/                  |            |
|    approx_kl            | 0.00957139 |
|    clip_fraction        | 0.0408     |
|    clip_range           | 0.2        |
|    entropy_loss         | -3.68      |
|    explained_variance   | -10.8      |
|    learning_rate        | 0.0003     |
|    loss                 | 0.00925    |
|    n_updates            | 2530       |
|    policy_gradient_loss | -0.00136   |
|    std                  | 0.832      |
|    value_loss           | 2.31e-07   |
----------------------------------------
------------------------------------------
| time/                   |              |
|    fps                  | 7            |
|    iterations           | 255          |
|    time_elapsed         | 16404        |
|    total_timesteps      | 130560       |
| train/                  |              |
|    approx_kl            | 0.0029281625 |
|    clip_fraction        | 0.0801       |
|    clip_range           | 0.2          |
|    entropy_loss         | -3.68        |
|    explained_variance   | -71.6        |
|    learning_rate        | 0.0003       |
|    loss                 | -0.00478     |
|    n_updates            | 2540         |
|    policy_gradient_loss | -0.00184     |
|    std                  | 0.835        |
|    value_loss           | 2.7e-07      |
------------------------------------------
-----------------------------------------
| time/                   |             |
|    fps                  | 7           |
|    iterations           | 256         |
|    time_elapsed         | 16471       |
|    total_timesteps      | 131072      |
| train/                  |             |
|    approx_kl            | 0.017174494 |
|    clip_fraction        | 0.175       |
|    clip_range           | 0.2         |
|    entropy_loss         | -3.68       |
|    explained_variance   | -50.4       |
|    learning_rate        | 0.0003      |
|    loss                 | 0.000335    |
|    n_updates            | 2550        |
|    policy_gradient_loss | -0.000496   |
|    std                  | 0.833       |
|    value_loss           | 4.8e-07     |
-----------------------------------------
-----------------------------------------
| time/                   |             |
|    fps                  | 7           |
|    iterations           | 257         |
|    time_elapsed         | 16537       |
|    total_timesteps      | 131584      |
| train/                  |             |
|    approx_kl            | 0.013777928 |
|    clip_fraction        | 0.0908      |
|    clip_range           | 0.2         |
|    entropy_loss         | -3.68       |
|    explained_variance   | -41.6       |
|    learning_rate        | 0.0003      |
|    loss                 | 7.28e-08    |
|    n_updates            | 2560        |
|    policy_gradient_loss | -0.00508    |
|    std                  | 0.835       |
|    value_loss           | 1.8e-07     |
-----------------------------------------
------------------------------------------
| time/                   |              |
|    fps                  | 7            |
|    iterations           | 258          |
|    time_elapsed         | 16605        |
|    total_timesteps      | 132096       |
| train/                  |              |
|    approx_kl            | 0.0073702727 |
|    clip_fraction        | 0.0982       |
|    clip_range           | 0.2          |
|    entropy_loss         | -3.68        |
|    explained_variance   | -59.6        |
|    learning_rate        | 0.0003       |
|    loss                 | 2.62e-08     |
|    n_updates            | 2570         |
|    policy_gradient_loss | 0.000323     |
|    std                  | 0.833        |
|    value_loss           | 1.82e-07     |
------------------------------------------
------------------------------------------
| time/                   |              |
|    fps                  | 7            |
|    iterations           | 259          |
|    time_elapsed         | 16672        |
|    total_timesteps      | 132608       |
| train/                  |              |
|    approx_kl            | 0.0056937425 |
|    clip_fraction        | 0.0361       |
|    clip_range           | 0.2          |
|    entropy_loss         | -3.68        |
|    explained_variance   | -144         |
|    learning_rate        | 0.0003       |
|    loss                 | 1.05e-09     |
|    n_updates            | 2580         |
|    policy_gradient_loss | -0.000662    |
|    std                  | 0.831        |
|    value_loss           | 2.01e-07     |
------------------------------------------
------------------------------------------
| time/                   |              |
|    fps                  | 7            |
|    iterations           | 260          |
|    time_elapsed         | 16738        |
|    total_timesteps      | 133120       |
| train/                  |              |
|    approx_kl            | 0.0050309813 |
|    clip_fraction        | 0.102        |
|    clip_range           | 0.2          |
|    entropy_loss         | -3.67        |
|    explained_variance   | -302         |
|    learning_rate        | 0.0003       |
|    loss                 | 0.00618      |
|    n_updates            | 2590         |
|    policy_gradient_loss | -0.00106     |
|    std                  | 0.83         |
|    value_loss           | 2.08e-07     |
------------------------------------------
-----------------------------------------
| time/                   |             |
|    fps                  | 7           |
|    iterations           | 261         |
|    time_elapsed         | 16804       |
|    total_timesteps      | 133632      |
| train/                  |             |
|    approx_kl            | 0.005665402 |
|    clip_fraction        | 0.0979      |
|    clip_range           | 0.2         |
|    entropy_loss         | -3.67       |
|    explained_variance   | -43.6       |
|    learning_rate        | 0.0003      |
|    loss                 | 0.00192     |
|    n_updates            | 2600        |
|    policy_gradient_loss | 0.00192     |
|    std                  | 0.829       |
|    value_loss           | 2.27e-07    |
-----------------------------------------
----------------------------------------
| time/                   |            |
|    fps                  | 7          |
|    iterations           | 262        |
|    time_elapsed         | 16871      |
|    total_timesteps      | 134144     |
| train/                  |            |
|    approx_kl            | 0.01274251 |
|    clip_fraction        | 0.0797     |
|    clip_range           | 0.2        |
|    entropy_loss         | -3.68      |
|    explained_variance   | -31.7      |
|    learning_rate        | 0.0003     |
|    loss                 | -0.0139    |
|    n_updates            | 2610       |
|    policy_gradient_loss | -0.00196   |
|    std                  | 0.835      |
|    value_loss           | 6.38e-08   |
----------------------------------------
-----------------------------------------
| time/                   |             |
|    fps                  | 7           |
|    iterations           | 263         |
|    time_elapsed         | 16938       |
|    total_timesteps      | 134656      |
| train/                  |             |
|    approx_kl            | 0.016143937 |
|    clip_fraction        | 0.0674      |
|    clip_range           | 0.2         |
|    entropy_loss         | -3.69       |
|    explained_variance   | -172        |
|    learning_rate        | 0.0003      |
|    loss                 | 0.00979     |
|    n_updates            | 2620        |
|    policy_gradient_loss | 0.000359    |
|    std                  | 0.837       |
|    value_loss           | 8.6e-08     |
-----------------------------------------
-----------------------------------------
| time/                   |             |
|    fps                  | 7           |
|    iterations           | 264         |
|    time_elapsed         | 17005       |
|    total_timesteps      | 135168      |
| train/                  |             |
|    approx_kl            | 0.008074959 |
|    clip_fraction        | 0.109       |
|    clip_range           | 0.2         |
|    entropy_loss         | -3.69       |
|    explained_variance   | -65.1       |
|    learning_rate        | 0.0003      |
|    loss                 | -0.00048    |
|    n_updates            | 2630        |
|    policy_gradient_loss | -0.00101    |
|    std                  | 0.836       |
|    value_loss           | 8.55e-07    |
-----------------------------------------
----------------------------------------
| time/                   |            |
|    fps                  | 7          |
|    iterations           | 265        |
|    time_elapsed         | 17072      |
|    total_timesteps      | 135680     |
| train/                  |            |
|    approx_kl            | 0.00911886 |
|    clip_fraction        | 0.11       |
|    clip_range           | 0.2        |
|    entropy_loss         | -3.69      |
|    explained_variance   | -17.4      |
|    learning_rate        | 0.0003     |
|    loss                 | 0.0358     |
|    n_updates            | 2640       |
|    policy_gradient_loss | -0.00225   |
|    std                  | 0.833      |
|    value_loss           | 6.47e-07   |
----------------------------------------
-----------------------------------------
| time/                   |             |
|    fps                  | 7           |
|    iterations           | 266         |
|    time_elapsed         | 17140       |
|    total_timesteps      | 136192      |
| train/                  |             |
|    approx_kl            | 0.018548854 |
|    clip_fraction        | 0.141       |
|    clip_range           | 0.2         |
|    entropy_loss         | -3.68       |
|    explained_variance   | -15.9       |
|    learning_rate        | 0.0003      |
|    loss                 | -0.0179     |
|    n_updates            | 2650        |
|    policy_gradient_loss | -0.0011     |
|    std                  | 0.833       |
|    value_loss           | 6.57e-07    |
-----------------------------------------
-----------------------------------------
| time/                   |             |
|    fps                  | 7           |
|    iterations           | 267         |
|    time_elapsed         | 17207       |
|    total_timesteps      | 136704      |
| train/                  |             |
|    approx_kl            | 0.013514462 |
|    clip_fraction        | 0.204       |
|    clip_range           | 0.2         |
|    entropy_loss         | -3.68       |
|    explained_variance   | -28.3       |
|    learning_rate        | 0.0003      |
|    loss                 | 3.98e-08    |
|    n_updates            | 2660        |
|    policy_gradient_loss | -0.000805   |
|    std                  | 0.833       |
|    value_loss           | 7.65e-08    |
-----------------------------------------
------------------------------------------
| time/                   |              |
|    fps                  | 7            |
|    iterations           | 268          |
|    time_elapsed         | 17274        |
|    total_timesteps      | 137216       |
| train/                  |              |
|    approx_kl            | 0.0015349519 |
|    clip_fraction        | 0.0779       |
|    clip_range           | 0.2          |
|    entropy_loss         | -3.68        |
|    explained_variance   | -102         |
|    learning_rate        | 0.0003       |
|    loss                 | 0.000975     |
|    n_updates            | 2670         |
|    policy_gradient_loss | -0.00344     |
|    std                  | 0.833        |
|    value_loss           | 1.23e-06     |
------------------------------------------
-----------------------------------------
| time/                   |             |
|    fps                  | 7           |
|    iterations           | 269         |
|    time_elapsed         | 17341       |
|    total_timesteps      | 137728      |
| train/                  |             |
|    approx_kl            | 0.015254122 |
|    clip_fraction        | 0.0762      |
|    clip_range           | 0.2         |
|    entropy_loss         | -3.68       |
|    explained_variance   | -74.7       |
|    learning_rate        | 0.0003      |
|    loss                 | 0.00108     |
|    n_updates            | 2680        |
|    policy_gradient_loss | 0.000792    |
|    std                  | 0.834       |
|    value_loss           | 0.00077     |
-----------------------------------------
-----------------------------------------
| time/                   |             |
|    fps                  | 7           |
|    iterations           | 270         |
|    time_elapsed         | 17407       |
|    total_timesteps      | 138240      |
| train/                  |             |
|    approx_kl            | 0.021874532 |
|    clip_fraction        | 0.171       |
|    clip_range           | 0.2         |
|    entropy_loss         | -3.68       |
|    explained_variance   | -5.55       |
|    learning_rate        | 0.0003      |
|    loss                 | -0.0247     |
|    n_updates            | 2690        |
|    policy_gradient_loss | 0.00659     |
|    std                  | 0.834       |
|    value_loss           | 3.44e-05    |
-----------------------------------------
-----------------------------------------
| time/                   |             |
|    fps                  | 7           |
|    iterations           | 271         |
|    time_elapsed         | 17473       |
|    total_timesteps      | 138752      |
| train/                  |             |
|    approx_kl            | 0.014900696 |
|    clip_fraction        | 0.106       |
|    clip_range           | 0.2         |
|    entropy_loss         | -3.68       |
|    explained_variance   | -32.8       |
|    learning_rate        | 0.0003      |
|    loss                 | -0.0132     |
|    n_updates            | 2700        |
|    policy_gradient_loss | -0.000633   |
|    std                  | 0.832       |
|    value_loss           | 1.82e-07    |
-----------------------------------------
-----------------------------------------
| time/                   |             |
|    fps                  | 7           |
|    iterations           | 272         |
|    time_elapsed         | 17538       |
|    total_timesteps      | 139264      |
| train/                  |             |
|    approx_kl            | 0.008795407 |
|    clip_fraction        | 0.0902      |
|    clip_range           | 0.2         |
|    entropy_loss         | -3.67       |
|    explained_variance   | -14.3       |
|    learning_rate        | 0.0003      |
|    loss                 | -0.00236    |
|    n_updates            | 2710        |
|    policy_gradient_loss | -0.00129    |
|    std                  | 0.831       |
|    value_loss           | 8.25e-08    |
-----------------------------------------
-----------------------------------------
| time/                   |             |
|    fps                  | 7           |
|    iterations           | 273         |
|    time_elapsed         | 17603       |
|    total_timesteps      | 139776      |
| train/                  |             |
|    approx_kl            | 0.008634739 |
|    clip_fraction        | 0.126       |
|    clip_range           | 0.2         |
|    entropy_loss         | -3.67       |
|    explained_variance   | -9.51       |
|    learning_rate        | 0.0003      |
|    loss                 | -0.00137    |
|    n_updates            | 2720        |
|    policy_gradient_loss | -0.00175    |
|    std                  | 0.829       |
|    value_loss           | 2.74e-08    |
-----------------------------------------
-----------------------------------------
| time/                   |             |
|    fps                  | 7           |
|    iterations           | 274         |
|    time_elapsed         | 17667       |
|    total_timesteps      | 140288      |
| train/                  |             |
|    approx_kl            | 0.013886257 |
|    clip_fraction        | 0.0996      |
|    clip_range           | 0.2         |
|    entropy_loss         | -3.66       |
|    explained_variance   | -14.6       |
|    learning_rate        | 0.0003      |
|    loss                 | 0.0303      |
|    n_updates            | 2730        |
|    policy_gradient_loss | -0.00158    |
|    std                  | 0.83        |
|    value_loss           | 4.59e-08    |
-----------------------------------------
------------------------------------------
| time/                   |              |
|    fps                  | 7            |
|    iterations           | 275          |
|    time_elapsed         | 17732        |
|    total_timesteps      | 140800       |
| train/                  |              |
|    approx_kl            | 0.0074443473 |
|    clip_fraction        | 0.0631       |
|    clip_range           | 0.2          |
|    entropy_loss         | -3.67        |
|    explained_variance   | -75.7        |
|    learning_rate        | 0.0003       |
|    loss                 | 0.00328      |
|    n_updates            | 2740         |
|    policy_gradient_loss | -0.00386     |
|    std                  | 0.83         |
|    value_loss           | 3.99e-08     |
------------------------------------------
-----------------------------------------
| time/                   |             |
|    fps                  | 7           |
|    iterations           | 276         |
|    time_elapsed         | 17796       |
|    total_timesteps      | 141312      |
| train/                  |             |
|    approx_kl            | 0.008762224 |
|    clip_fraction        | 0.0662      |
|    clip_range           | 0.2         |
|    entropy_loss         | -3.67       |
|    explained_variance   | -51.3       |
|    learning_rate        | 0.0003      |
|    loss                 | 1.16e-10    |
|    n_updates            | 2750        |
|    policy_gradient_loss | -0.00484    |
|    std                  | 0.831       |
|    value_loss           | 4.91e-08    |
-----------------------------------------
-----------------------------------------
| time/                   |             |
|    fps                  | 7           |
|    iterations           | 277         |
|    time_elapsed         | 17860       |
|    total_timesteps      | 141824      |
| train/                  |             |
|    approx_kl            | 0.009408757 |
|    clip_fraction        | 0.0879      |
|    clip_range           | 0.2         |
|    entropy_loss         | -3.66       |
|    explained_variance   | -48.9       |
|    learning_rate        | 0.0003      |
|    loss                 | -0.000244   |
|    n_updates            | 2760        |
|    policy_gradient_loss | -0.000977   |
|    std                  | 0.827       |
|    value_loss           | 3.17e-08    |
-----------------------------------------
------------------------------------------
| time/                   |              |
|    fps                  | 7            |
|    iterations           | 278          |
|    time_elapsed         | 17923        |
|    total_timesteps      | 142336       |
| train/                  |              |
|    approx_kl            | 0.0062603676 |
|    clip_fraction        | 0.0803       |
|    clip_range           | 0.2          |
|    entropy_loss         | -3.66        |
|    explained_variance   | -49.3        |
|    learning_rate        | 0.0003       |
|    loss                 | -0.00843     |
|    n_updates            | 2770         |
|    policy_gradient_loss | -0.002       |
|    std                  | 0.831        |
|    value_loss           | 4.46e-08     |
------------------------------------------
-----------------------------------------
| time/                   |             |
|    fps                  | 7           |
|    iterations           | 279         |
|    time_elapsed         | 17987       |
|    total_timesteps      | 142848      |
| train/                  |             |
|    approx_kl            | 0.009121431 |
|    clip_fraction        | 0.224       |
|    clip_range           | 0.2         |
|    entropy_loss         | -3.67       |
|    explained_variance   | nan         |
|    learning_rate        | 0.0003      |
|    loss                 | -0.0289     |
|    n_updates            | 2780        |
|    policy_gradient_loss | -0.00221    |
|    std                  | 0.832       |
|    value_loss           | 1.47e-07    |
-----------------------------------------
------------------------------------------
| time/                   |              |
|    fps                  | 7            |
|    iterations           | 280          |
|    time_elapsed         | 18051        |
|    total_timesteps      | 143360       |
| train/                  |              |
|    approx_kl            | 0.0057345848 |
|    clip_fraction        | 0.0457       |
|    clip_range           | 0.2          |
|    entropy_loss         | -3.67        |
|    explained_variance   | -62.9        |
|    learning_rate        | 0.0003       |
|    loss                 | -0.0269      |
|    n_updates            | 2790         |
|    policy_gradient_loss | -0.00232     |
|    std                  | 0.833        |
|    value_loss           | 1.75e-08     |
------------------------------------------
-----------------------------------------
| time/                   |             |
|    fps                  | 7           |
|    iterations           | 281         |
|    time_elapsed         | 18115       |
|    total_timesteps      | 143872      |
| train/                  |             |
|    approx_kl            | 0.004989261 |
|    clip_fraction        | 0.0234      |
|    clip_range           | 0.2         |
|    entropy_loss         | -3.67       |
|    explained_variance   | -84.6       |
|    learning_rate        | 0.0003      |
|    loss                 | 7.28e-10    |
|    n_updates            | 2800        |
|    policy_gradient_loss | -0.00243    |
|    std                  | 0.833       |
|    value_loss           | 2.1e-08     |
-----------------------------------------
-----------------------------------------
| time/                   |             |
|    fps                  | 7           |
|    iterations           | 282         |
|    time_elapsed         | 18179       |
|    total_timesteps      | 144384      |
| train/                  |             |
|    approx_kl            | 0.010505103 |
|    clip_fraction        | 0.0273      |
|    clip_range           | 0.2         |
|    entropy_loss         | -3.67       |
|    explained_variance   | -72         |
|    learning_rate        | 0.0003      |
|    loss                 | 2.91e-11    |
|    n_updates            | 2810        |
|    policy_gradient_loss | -0.00282    |
|    std                  | 0.833       |
|    value_loss           | 1.95e-08    |
-----------------------------------------
-----------------------------------------
| time/                   |             |
|    fps                  | 7           |
|    iterations           | 283         |
|    time_elapsed         | 18243       |
|    total_timesteps      | 144896      |
| train/                  |             |
|    approx_kl            | 0.004497772 |
|    clip_fraction        | 0.0582      |
|    clip_range           | 0.2         |
|    entropy_loss         | -3.67       |
|    explained_variance   | -205        |
|    learning_rate        | 0.0003      |
|    loss                 | 1.86e-09    |
|    n_updates            | 2820        |
|    policy_gradient_loss | -0.0027     |
|    std                  | 0.832       |
|    value_loss           | 1.61e-08    |
-----------------------------------------
------------------------------------------
| time/                   |              |
|    fps                  | 7            |
|    iterations           | 284          |
|    time_elapsed         | 18308        |
|    total_timesteps      | 145408       |
| train/                  |              |
|    approx_kl            | 0.0034774956 |
|    clip_fraction        | 0.0363       |
|    clip_range           | 0.2          |
|    entropy_loss         | -3.67        |
|    explained_variance   | -186         |
|    learning_rate        | 0.0003       |
|    loss                 | 2.91e-11     |
|    n_updates            | 2830         |
|    policy_gradient_loss | -0.00285     |
|    std                  | 0.833        |
|    value_loss           | 1e-08        |
------------------------------------------
----------------------------------------
| time/                   |            |
|    fps                  | 7          |
|    iterations           | 285        |
|    time_elapsed         | 18371      |
|    total_timesteps      | 145920     |
| train/                  |            |
|    approx_kl            | 0.05239386 |
|    clip_fraction        | 0.209      |
|    clip_range           | 0.2        |
|    entropy_loss         | -3.68      |
|    explained_variance   | -215       |
|    learning_rate        | 0.0003     |
|    loss                 | 2.36e-09   |
|    n_updates            | 2840       |
|    policy_gradient_loss | -0.00291   |
|    std                  | 0.834      |
|    value_loss           | 2.35e-08   |
----------------------------------------
------------------------------------------
| time/                   |              |
|    fps                  | 7            |
|    iterations           | 286          |
|    time_elapsed         | 18435        |
|    total_timesteps      | 146432       |
| train/                  |              |
|    approx_kl            | 0.0059196707 |
|    clip_fraction        | 0.0488       |
|    clip_range           | 0.2          |
|    entropy_loss         | -3.68        |
|    explained_variance   | -323         |
|    learning_rate        | 0.0003       |
|    loss                 | 6.55e-09     |
|    n_updates            | 2850         |
|    policy_gradient_loss | -0.0026      |
|    std                  | 0.834        |
|    value_loss           | 5.26e-08     |
------------------------------------------
-----------------------------------------
| time/                   |             |
|    fps                  | 7           |
|    iterations           | 287         |
|    time_elapsed         | 18499       |
|    total_timesteps      | 146944      |
| train/                  |             |
|    approx_kl            | 0.009998335 |
|    clip_fraction        | 0.228       |
|    clip_range           | 0.2         |
|    entropy_loss         | -3.68       |
|    explained_variance   | nan         |
|    learning_rate        | 0.0003      |
|    loss                 | -0.0236     |
|    n_updates            | 2860        |
|    policy_gradient_loss | -0.00205    |
|    std                  | 0.835       |
|    value_loss           | 1.75e-07    |
-----------------------------------------
-----------------------------------------
| time/                   |             |
|    fps                  | 7           |
|    iterations           | 288         |
|    time_elapsed         | 18563       |
|    total_timesteps      | 147456      |
| train/                  |             |
|    approx_kl            | 0.010260109 |
|    clip_fraction        | 0.0816      |
|    clip_range           | 0.2         |
|    entropy_loss         | -3.68       |
|    explained_variance   | -1.06e+03   |
|    learning_rate        | 0.0003      |
|    loss                 | -0.0287     |
|    n_updates            | 2870        |
|    policy_gradient_loss | -0.00274    |
|    std                  | 0.835       |
|    value_loss           | 1.22e-07    |
-----------------------------------------
-----------------------------------------
| time/                   |             |
|    fps                  | 7           |
|    iterations           | 289         |
|    time_elapsed         | 18627       |
|    total_timesteps      | 147968      |
| train/                  |             |
|    approx_kl            | 0.009536439 |
|    clip_fraction        | 0.0625      |
|    clip_range           | 0.2         |
|    entropy_loss         | -3.68       |
|    explained_variance   | -567        |
|    learning_rate        | 0.0003      |
|    loss                 | 2.91e-11    |
|    n_updates            | 2880        |
|    policy_gradient_loss | -0.00271    |
|    std                  | 0.834       |
|    value_loss           | 4.2e-08     |
-----------------------------------------
-----------------------------------------
| time/                   |             |
|    fps                  | 7           |
|    iterations           | 290         |
|    time_elapsed         | 18691       |
|    total_timesteps      | 148480      |
| train/                  |             |
|    approx_kl            | 0.008072382 |
|    clip_fraction        | 0.0664      |
|    clip_range           | 0.2         |
|    entropy_loss         | -3.67       |
|    explained_variance   | -578        |
|    learning_rate        | 0.0003      |
|    loss                 | 1.16e-10    |
|    n_updates            | 2890        |
|    policy_gradient_loss | -0.00303    |
|    std                  | 0.833       |
|    value_loss           | 2.86e-08    |
-----------------------------------------
-----------------------------------------
| time/                   |             |
|    fps                  | 7           |
|    iterations           | 291         |
|    time_elapsed         | 18755       |
|    total_timesteps      | 148992      |
| train/                  |             |
|    approx_kl            | 0.011913433 |
|    clip_fraction        | 0.173       |
|    clip_range           | 0.2         |
|    entropy_loss         | -3.68       |
|    explained_variance   | -1.03e+03   |
|    learning_rate        | 0.0003      |
|    loss                 | -0.0278     |
|    n_updates            | 2900        |
|    policy_gradient_loss | -0.00251    |
|    std                  | 0.834       |
|    value_loss           | 7.16e-08    |
-----------------------------------------
-----------------------------------------
| time/                   |             |
|    fps                  | 7           |
|    iterations           | 292         |
|    time_elapsed         | 18820       |
|    total_timesteps      | 149504      |
| train/                  |             |
|    approx_kl            | 0.004694105 |
|    clip_fraction        | 0.0541      |
|    clip_range           | 0.2         |
|    entropy_loss         | -3.68       |
|    explained_variance   | -2.05e+03   |
|    learning_rate        | 0.0003      |
|    loss                 | -0.0254     |
|    n_updates            | 2910        |
|    policy_gradient_loss | -0.00284    |
|    std                  | 0.834       |
|    value_loss           | 1.31e-07    |
-----------------------------------------
-----------------------------------------
| time/                   |             |
|    fps                  | 7           |
|    iterations           | 293         |
|    time_elapsed         | 18885       |
|    total_timesteps      | 150016      |
| train/                  |             |
|    approx_kl            | 0.012073026 |
|    clip_fraction        | 0.142       |
|    clip_range           | 0.2         |
|    entropy_loss         | -3.68       |
|    explained_variance   | -1.85e+03   |
|    learning_rate        | 0.0003      |
|    loss                 | 3.57e-08    |
|    n_updates            | 2920        |
|    policy_gradient_loss | -0.00352    |
|    std                  | 0.834       |
|    value_loss           | 1.4e-07     |
-----------------------------------------
----------------------------------------
| time/                   |            |
|    fps                  | 7          |
|    iterations           | 294        |
|    time_elapsed         | 18949      |
|    total_timesteps      | 150528     |
| train/                  |            |
|    approx_kl            | 0.00659174 |
|    clip_fraction        | 0.112      |
|    clip_range           | 0.2        |
|    entropy_loss         | -3.68      |
|    explained_variance   | nan        |
|    learning_rate        | 0.0003     |
|    loss                 | 2.36e-09   |
|    n_updates            | 2930       |
|    policy_gradient_loss | -0.00292   |
|    std                  | 0.834      |
|    value_loss           | 1.06e-07   |
----------------------------------------
-----------------------------------------
| time/                   |             |
|    fps                  | 7           |
|    iterations           | 295         |
|    time_elapsed         | 19014       |
|    total_timesteps      | 151040      |
| train/                  |             |
|    approx_kl            | 0.014897365 |
|    clip_fraction        | 0.192       |
|    clip_range           | 0.2         |
|    entropy_loss         | -3.68       |
|    explained_variance   | -498        |
|    learning_rate        | 0.0003      |
|    loss                 | 2.36e-09    |
|    n_updates            | 2940        |
|    policy_gradient_loss | -0.00269    |
|    std                  | 0.834       |
|    value_loss           | 6.46e-08    |
-----------------------------------------
------------------------------------------
| time/                   |              |
|    fps                  | 7            |
|    iterations           | 296          |
|    time_elapsed         | 19079        |
|    total_timesteps      | 151552       |
| train/                  |              |
|    approx_kl            | 0.0066427155 |
|    clip_fraction        | 0.0672       |
|    clip_range           | 0.2          |
|    entropy_loss         | -3.68        |
|    explained_variance   | -170         |
|    learning_rate        | 0.0003       |
|    loss                 | 1.43e-09     |
|    n_updates            | 2950         |
|    policy_gradient_loss | -0.00265     |
|    std                  | 0.836        |
|    value_loss           | 3.15e-08     |
------------------------------------------
-----------------------------------------
| time/                   |             |
|    fps                  | 7           |
|    iterations           | 297         |
|    time_elapsed         | 19143       |
|    total_timesteps      | 152064      |
| train/                  |             |
|    approx_kl            | 0.016239097 |
|    clip_fraction        | 0.18        |
|    clip_range           | 0.2         |
|    entropy_loss         | -3.69       |
|    explained_variance   | -2.58e+03   |
|    learning_rate        | 0.0003      |
|    loss                 | 2.91e-09    |
|    n_updates            | 2960        |
|    policy_gradient_loss | -0.00229    |
|    std                  | 0.837       |
|    value_loss           | 1.68e-07    |
-----------------------------------------
-----------------------------------------
| time/                   |             |
|    fps                  | 7           |
|    iterations           | 298         |
|    time_elapsed         | 19208       |
|    total_timesteps      | 152576      |
| train/                  |             |
|    approx_kl            | 0.010159426 |
|    clip_fraction        | 0.108       |
|    clip_range           | 0.2         |
|    entropy_loss         | -3.69       |
|    explained_variance   | -606        |
|    learning_rate        | 0.0003      |
|    loss                 | 7.28e-10    |
|    n_updates            | 2970        |
|    policy_gradient_loss | -0.00296    |
|    std                  | 0.837       |
|    value_loss           | 6.67e-08    |
-----------------------------------------
-----------------------------------------
| time/                   |             |
|    fps                  | 7           |
|    iterations           | 299         |
|    time_elapsed         | 19274       |
|    total_timesteps      | 153088      |
| train/                  |             |
|    approx_kl            | 0.014741026 |
|    clip_fraction        | 0.137       |
|    clip_range           | 0.2         |
|    entropy_loss         | -3.69       |
|    explained_variance   | -106        |
|    learning_rate        | 0.0003      |
|    loss                 | -0.00227    |
|    n_updates            | 2980        |
|    policy_gradient_loss | -0.00277    |
|    std                  | 0.838       |
|    value_loss           | 2.21e-07    |
-----------------------------------------
-----------------------------------------
| time/                   |             |
|    fps                  | 7           |
|    iterations           | 300         |
|    time_elapsed         | 19339       |
|    total_timesteps      | 153600      |
| train/                  |             |
|    approx_kl            | 0.015792524 |
|    clip_fraction        | 0.124       |
|    clip_range           | 0.2         |
|    entropy_loss         | -3.69       |
|    explained_variance   | -233        |
|    learning_rate        | 0.0003      |
|    loss                 | 0.00681     |
|    n_updates            | 2990        |
|    policy_gradient_loss | -0.00392    |
|    std                  | 0.835       |
|    value_loss           | 5.19e-05    |
-----------------------------------------
------------------------------------------
| time/                   |              |
|    fps                  | 7            |
|    iterations           | 301          |
|    time_elapsed         | 19405        |
|    total_timesteps      | 154112       |
| train/                  |              |
|    approx_kl            | 0.0049979286 |
|    clip_fraction        | 0.125        |
|    clip_range           | 0.2          |
|    entropy_loss         | -3.67        |
|    explained_variance   | -0.136       |
|    learning_rate        | 0.0003       |
|    loss                 | 0.0107       |
|    n_updates            | 3000         |
|    policy_gradient_loss | -0.00139     |
|    std                  | 0.83         |
|    value_loss           | 4.76e-05     |
------------------------------------------
------------------------------------------
| time/                   |              |
|    fps                  | 7            |
|    iterations           | 302          |
|    time_elapsed         | 19470        |
|    total_timesteps      | 154624       |
| train/                  |              |
|    approx_kl            | 0.0074184146 |
|    clip_fraction        | 0.0322       |
|    clip_range           | 0.2          |
|    entropy_loss         | -3.65        |
|    explained_variance   | -0.415       |
|    learning_rate        | 0.0003       |
|    loss                 | -0.0105      |
|    n_updates            | 3010         |
|    policy_gradient_loss | -0.00052     |
|    std                  | 0.825        |
|    value_loss           | 4.73e-06     |
------------------------------------------
------------------------------------------
| time/                   |              |
|    fps                  | 7            |
|    iterations           | 303          |
|    time_elapsed         | 19534        |
|    total_timesteps      | 155136       |
| train/                  |              |
|    approx_kl            | 0.0044729705 |
|    clip_fraction        | 0.0688       |
|    clip_range           | 0.2          |
|    entropy_loss         | -3.64        |
|    explained_variance   | -3.14        |
|    learning_rate        | 0.0003       |
|    loss                 | 2.62e-08     |
|    n_updates            | 3020         |
|    policy_gradient_loss | -0.00238     |
|    std                  | 0.824        |
|    value_loss           | 3.02e-06     |
------------------------------------------
-----------------------------------------
| time/                   |             |
|    fps                  | 7           |
|    iterations           | 304         |
|    time_elapsed         | 19600       |
|    total_timesteps      | 155648      |
| train/                  |             |
|    approx_kl            | 0.042528644 |
|    clip_fraction        | 0.182       |
|    clip_range           | 0.2         |
|    entropy_loss         | -3.64       |
|    explained_variance   | -0.16       |
|    learning_rate        | 0.0003      |
|    loss                 | 0.00574     |
|    n_updates            | 3030        |
|    policy_gradient_loss | 0.00236     |
|    std                  | 0.819       |
|    value_loss           | 1.83e-06    |
-----------------------------------------
-----------------------------------------
| time/                   |             |
|    fps                  | 7           |
|    iterations           | 305         |
|    time_elapsed         | 19666       |
|    total_timesteps      | 156160      |
| train/                  |             |
|    approx_kl            | 0.007752045 |
|    clip_fraction        | 0.0824      |
|    clip_range           | 0.2         |
|    entropy_loss         | -3.62       |
|    explained_variance   | -0.371      |
|    learning_rate        | 0.0003      |
|    loss                 | -0.00347    |
|    n_updates            | 3040        |
|    policy_gradient_loss | -0.000205   |
|    std                  | 0.816       |
|    value_loss           | 9.33e-06    |
-----------------------------------------
-----------------------------------------
| time/                   |             |
|    fps                  | 7           |
|    iterations           | 306         |
|    time_elapsed         | 19730       |
|    total_timesteps      | 156672      |
| train/                  |             |
|    approx_kl            | 0.008234992 |
|    clip_fraction        | 0.0502      |
|    clip_range           | 0.2         |
|    entropy_loss         | -3.61       |
|    explained_variance   | -0.363      |
|    learning_rate        | 0.0003      |
|    loss                 | 0.0359      |
|    n_updates            | 3050        |
|    policy_gradient_loss | -0.00219    |
|    std                  | 0.816       |
|    value_loss           | 7.4e-06     |
-----------------------------------------
-----------------------------------------
| time/                   |             |
|    fps                  | 7           |
|    iterations           | 307         |
|    time_elapsed         | 19795       |
|    total_timesteps      | 157184      |
| train/                  |             |
|    approx_kl            | 0.019094191 |
|    clip_fraction        | 0.137       |
|    clip_range           | 0.2         |
|    entropy_loss         | -3.61       |
|    explained_variance   | -0.779      |
|    learning_rate        | 0.0003      |
|    loss                 | -0.0275     |
|    n_updates            | 3060        |
|    policy_gradient_loss | -0.0021     |
|    std                  | 0.816       |
|    value_loss           | 2.92e-05    |
-----------------------------------------
------------------------------------------
| time/                   |              |
|    fps                  | 7            |
|    iterations           | 308          |
|    time_elapsed         | 19861        |
|    total_timesteps      | 157696       |
| train/                  |              |
|    approx_kl            | 0.0047605243 |
|    clip_fraction        | 0.13         |
|    clip_range           | 0.2          |
|    entropy_loss         | -3.61        |
|    explained_variance   | -189         |
|    learning_rate        | 0.0003       |
|    loss                 | 2.91e-09     |
|    n_updates            | 3070         |
|    policy_gradient_loss | -0.00278     |
|    std                  | 0.816        |
|    value_loss           | 4.71e-07     |
------------------------------------------
-----------------------------------------
| time/                   |             |
|    fps                  | 7           |
|    iterations           | 309         |
|    time_elapsed         | 19926       |
|    total_timesteps      | 158208      |
| train/                  |             |
|    approx_kl            | 0.003519835 |
|    clip_fraction        | 0.0473      |
|    clip_range           | 0.2         |
|    entropy_loss         | -3.61       |
|    explained_variance   | nan         |
|    learning_rate        | 0.0003      |
|    loss                 | 5.7e-09     |
|    n_updates            | 3080        |
|    policy_gradient_loss | -0.00237    |
|    std                  | 0.817       |
|    value_loss           | 2.83e-08    |
-----------------------------------------
------------------------------------------
| time/                   |              |
|    fps                  | 7            |
|    iterations           | 310          |
|    time_elapsed         | 19992        |
|    total_timesteps      | 158720       |
| train/                  |              |
|    approx_kl            | 0.0022918135 |
|    clip_fraction        | 0.032        |
|    clip_range           | 0.2          |
|    entropy_loss         | -3.61        |
|    explained_variance   | -292         |
|    learning_rate        | 0.0003       |
|    loss                 | 2.91e-11     |
|    n_updates            | 3090         |
|    policy_gradient_loss | -0.00279     |
|    std                  | 0.816        |
|    value_loss           | 1.83e-08     |
------------------------------------------
-----------------------------------------
| time/                   |             |
|    fps                  | 7           |
|    iterations           | 311         |
|    time_elapsed         | 20058       |
|    total_timesteps      | 159232      |
| train/                  |             |
|    approx_kl            | 0.012081867 |
|    clip_fraction        | 0.17        |
|    clip_range           | 0.2         |
|    entropy_loss         | -3.61       |
|    explained_variance   | -200        |
|    learning_rate        | 0.0003      |
|    loss                 | -0.0285     |
|    n_updates            | 3100        |
|    policy_gradient_loss | -0.00293    |
|    std                  | 0.815       |
|    value_loss           | 3.48e-08    |
-----------------------------------------
------------------------------------------
| time/                   |              |
|    fps                  | 7            |
|    iterations           | 312          |
|    time_elapsed         | 20122        |
|    total_timesteps      | 159744       |
| train/                  |              |
|    approx_kl            | 0.0065217745 |
|    clip_fraction        | 0.073        |
|    clip_range           | 0.2          |
|    entropy_loss         | -3.6         |
|    explained_variance   | -291         |
|    learning_rate        | 0.0003       |
|    loss                 | -0.026       |
|    n_updates            | 3110         |
|    policy_gradient_loss | -0.00286     |
|    std                  | 0.815        |
|    value_loss           | 2.16e-08     |
------------------------------------------
-----------------------------------------
| time/                   |             |
|    fps                  | 7           |
|    iterations           | 313         |
|    time_elapsed         | 20187       |
|    total_timesteps      | 160256      |
| train/                  |             |
|    approx_kl            | 0.006780009 |
|    clip_fraction        | 0.085       |
|    clip_range           | 0.2         |
|    entropy_loss         | -3.6        |
|    explained_variance   | nan         |
|    learning_rate        | 0.0003      |
|    loss                 | 2.91e-11    |
|    n_updates            | 3120        |
|    policy_gradient_loss | -0.00276    |
|    std                  | 0.814       |
|    value_loss           | 9.16e-08    |
-----------------------------------------
------------------------------------------
| time/                   |              |
|    fps                  | 7            |
|    iterations           | 314          |
|    time_elapsed         | 20251        |
|    total_timesteps      | 160768       |
| train/                  |              |
|    approx_kl            | 0.0064656925 |
|    clip_fraction        | 0.102        |
|    clip_range           | 0.2          |
|    entropy_loss         | -3.6         |
|    explained_variance   | -231         |
|    learning_rate        | 0.0003       |
|    loss                 | 2.91e-11     |
|    n_updates            | 3130         |
|    policy_gradient_loss | -0.00245     |
|    std                  | 0.816        |
|    value_loss           | 5.29e-08     |
------------------------------------------
-----------------------------------------
| time/                   |             |
|    fps                  | 7           |
|    iterations           | 315         |
|    time_elapsed         | 20315       |
|    total_timesteps      | 161280      |
| train/                  |             |
|    approx_kl            | 0.001775625 |
|    clip_fraction        | 0.0109      |
|    clip_range           | 0.2         |
|    entropy_loss         | -3.61       |
|    explained_variance   | -157        |
|    learning_rate        | 0.0003      |
|    loss                 | 1.05e-09    |
|    n_updates            | 3140        |
|    policy_gradient_loss | -0.0028     |
|    std                  | 0.815       |
|    value_loss           | 1.85e-08    |
-----------------------------------------
-----------------------------------------
| time/                   |             |
|    fps                  | 7           |
|    iterations           | 316         |
|    time_elapsed         | 20380       |
|    total_timesteps      | 161792      |
| train/                  |             |
|    approx_kl            | 0.012782587 |
|    clip_fraction        | 0.0928      |
|    clip_range           | 0.2         |
|    entropy_loss         | -3.61       |
|    explained_variance   | -687        |
|    learning_rate        | 0.0003      |
|    loss                 | 2.62e-10    |
|    n_updates            | 3150        |
|    policy_gradient_loss | -0.00281    |
|    std                  | 0.816       |
|    value_loss           | 5.66e-08    |
-----------------------------------------
-----------------------------------------
| time/                   |             |
|    fps                  | 7           |
|    iterations           | 317         |
|    time_elapsed         | 20446       |
|    total_timesteps      | 162304      |
| train/                  |             |
|    approx_kl            | 0.012220633 |
|    clip_fraction        | 0.189       |
|    clip_range           | 0.2         |
|    entropy_loss         | -3.61       |
|    explained_variance   | -112        |
|    learning_rate        | 0.0003      |
|    loss                 | 2.36e-09    |
|    n_updates            | 3160        |
|    policy_gradient_loss | -0.0021     |
|    std                  | 0.816       |
|    value_loss           | 2.69e-08    |
-----------------------------------------
-----------------------------------------
| time/                   |             |
|    fps                  | 7           |
|    iterations           | 318         |
|    time_elapsed         | 20511       |
|    total_timesteps      | 162816      |
| train/                  |             |
|    approx_kl            | 0.011404787 |
|    clip_fraction        | 0.154       |
|    clip_range           | 0.2         |
|    entropy_loss         | -3.61       |
|    explained_variance   | -164        |
|    learning_rate        | 0.0003      |
|    loss                 | 2.62e-10    |
|    n_updates            | 3170        |
|    policy_gradient_loss | -0.0028     |
|    std                  | 0.815       |
|    value_loss           | 3.01e-08    |
-----------------------------------------
------------------------------------------
| time/                   |              |
|    fps                  | 7            |
|    iterations           | 319          |
|    time_elapsed         | 20575        |
|    total_timesteps      | 163328       |
| train/                  |              |
|    approx_kl            | 0.0012759119 |
|    clip_fraction        | 0.042        |
|    clip_range           | 0.2          |
|    entropy_loss         | -3.6         |
|    explained_variance   | -50.8        |
|    learning_rate        | 0.0003       |
|    loss                 | -0.0263      |
|    n_updates            | 3180         |
|    policy_gradient_loss | -0.00268     |
|    std                  | 0.816        |
|    value_loss           | 1.66e-08     |
------------------------------------------
-----------------------------------------
| time/                   |             |
|    fps                  | 7           |
|    iterations           | 320         |
|    time_elapsed         | 20640       |
|    total_timesteps      | 163840      |
| train/                  |             |
|    approx_kl            | 0.005032395 |
|    clip_fraction        | 0.0637      |
|    clip_range           | 0.2         |
|    entropy_loss         | -3.61       |
|    explained_variance   | -205        |
|    learning_rate        | 0.0003      |
|    loss                 | 2.8e-08     |
|    n_updates            | 3190        |
|    policy_gradient_loss | -0.00236    |
|    std                  | 0.816       |
|    value_loss           | 7.57e-08    |
-----------------------------------------
-----------------------------------------
| time/                   |             |
|    fps                  | 7           |
|    iterations           | 321         |
|    time_elapsed         | 20705       |
|    total_timesteps      | 164352      |
| train/                  |             |
|    approx_kl            | 0.005429808 |
|    clip_fraction        | 0.161       |
|    clip_range           | 0.2         |
|    entropy_loss         | -3.61       |
|    explained_variance   | -46.4       |
|    learning_rate        | 0.0003      |
|    loss                 | -0.026      |
|    n_updates            | 3200        |
|    policy_gradient_loss | 0.00153     |
|    std                  | 0.816       |
|    value_loss           | 1e-07       |
-----------------------------------------
-----------------------------------------
| time/                   |             |
|    fps                  | 7           |
|    iterations           | 322         |
|    time_elapsed         | 20771       |
|    total_timesteps      | 164864      |
| train/                  |             |
|    approx_kl            | 0.013031705 |
|    clip_fraction        | 0.0957      |
|    clip_range           | 0.2         |
|    entropy_loss         | -3.59       |
|    explained_variance   | -461        |
|    learning_rate        | 0.0003      |
|    loss                 | 3.27e-07    |
|    n_updates            | 3210        |
|    policy_gradient_loss | -0.00192    |
|    std                  | 0.809       |
|    value_loss           | 1.76e-06    |
-----------------------------------------
------------------------------------------
| time/                   |              |
|    fps                  | 7            |
|    iterations           | 323          |
|    time_elapsed         | 20836        |
|    total_timesteps      | 165376       |
| train/                  |              |
|    approx_kl            | 0.0018922301 |
|    clip_fraction        | 0.0525       |
|    clip_range           | 0.2          |
|    entropy_loss         | -3.58        |
|    explained_variance   | -33.6        |
|    learning_rate        | 0.0003       |
|    loss                 | 0.000332     |
|    n_updates            | 3220         |
|    policy_gradient_loss | -0.00227     |
|    std                  | 0.81         |
|    value_loss           | 4.78e-06     |
------------------------------------------
-----------------------------------------
| time/                   |             |
|    fps                  | 7           |
|    iterations           | 324         |
|    time_elapsed         | 20901       |
|    total_timesteps      | 165888      |
| train/                  |             |
|    approx_kl            | 0.005207028 |
|    clip_fraction        | 0.0613      |
|    clip_range           | 0.2         |
|    entropy_loss         | -3.59       |
|    explained_variance   | -9.68       |
|    learning_rate        | 0.0003      |
|    loss                 | 0.015       |
|    n_updates            | 3230        |
|    policy_gradient_loss | 0.000734    |
|    std                  | 0.811       |
|    value_loss           | 2.12e-07    |
-----------------------------------------
-----------------------------------------
| time/                   |             |
|    fps                  | 7           |
|    iterations           | 325         |
|    time_elapsed         | 20966       |
|    total_timesteps      | 166400      |
| train/                  |             |
|    approx_kl            | 0.005323018 |
|    clip_fraction        | 0.0953      |
|    clip_range           | 0.2         |
|    entropy_loss         | -3.59       |
|    explained_variance   | -9.98       |
|    learning_rate        | 0.0003      |
|    loss                 | -0.0159     |
|    n_updates            | 3240        |
|    policy_gradient_loss | -0.00128    |
|    std                  | 0.812       |
|    value_loss           | 2.76e-08    |
-----------------------------------------
-----------------------------------------
| time/                   |             |
|    fps                  | 7           |
|    iterations           | 326         |
|    time_elapsed         | 21030       |
|    total_timesteps      | 166912      |
| train/                  |             |
|    approx_kl            | 0.003945145 |
|    clip_fraction        | 0.067       |
|    clip_range           | 0.2         |
|    entropy_loss         | -3.59       |
|    explained_variance   | -9.6        |
|    learning_rate        | 0.0003      |
|    loss                 | -0.0199     |
|    n_updates            | 3250        |
|    policy_gradient_loss | -0.00294    |
|    std                  | 0.813       |
|    value_loss           | 6.05e-08    |
-----------------------------------------
----------------------------------------
| time/                   |            |
|    fps                  | 7          |
|    iterations           | 327        |
|    time_elapsed         | 21095      |
|    total_timesteps      | 167424     |
| train/                  |            |
|    approx_kl            | 0.01839843 |
|    clip_fraction        | 0.0848     |
|    clip_range           | 0.2        |
|    entropy_loss         | -3.59      |
|    explained_variance   | -15.4      |
|    learning_rate        | 0.0003     |
|    loss                 | 0.00139    |
|    n_updates            | 3260       |
|    policy_gradient_loss | -0.00248   |
|    std                  | 0.808      |
|    value_loss           | 2.47e-08   |
----------------------------------------
-----------------------------------------
| time/                   |             |
|    fps                  | 7           |
|    iterations           | 328         |
|    time_elapsed         | 21160       |
|    total_timesteps      | 167936      |
| train/                  |             |
|    approx_kl            | 0.006791852 |
|    clip_fraction        | 0.113       |
|    clip_range           | 0.2         |
|    entropy_loss         | -3.57       |
|    explained_variance   | -21.1       |
|    learning_rate        | 0.0003      |
|    loss                 | -0.00175    |
|    n_updates            | 3270        |
|    policy_gradient_loss | -0.00301    |
|    std                  | 0.808       |
|    value_loss           | 2.94e-07    |
-----------------------------------------
------------------------------------------
| time/                   |              |
|    fps                  | 7            |
|    iterations           | 329          |
|    time_elapsed         | 21225        |
|    total_timesteps      | 168448       |
| train/                  |              |
|    approx_kl            | 0.0051486813 |
|    clip_fraction        | 0.0641       |
|    clip_range           | 0.2          |
|    entropy_loss         | -3.58        |
|    explained_variance   | -3.87        |
|    learning_rate        | 0.0003       |
|    loss                 | 0.000821     |
|    n_updates            | 3280         |
|    policy_gradient_loss | -0.00236     |
|    std                  | 0.809        |
|    value_loss           | 1.18e-06     |
------------------------------------------
-----------------------------------------
| time/                   |             |
|    fps                  | 7           |
|    iterations           | 330         |
|    time_elapsed         | 21290       |
|    total_timesteps      | 168960      |
| train/                  |             |
|    approx_kl            | 0.018148348 |
|    clip_fraction        | 0.135       |
|    clip_range           | 0.2         |
|    entropy_loss         | -3.57       |
|    explained_variance   | -7.09       |
|    learning_rate        | 0.0003      |
|    loss                 | 0.0304      |
|    n_updates            | 3290        |
|    policy_gradient_loss | -0.00273    |
|    std                  | 0.805       |
|    value_loss           | 9.46e-08    |
-----------------------------------------
------------------------------------------
| time/                   |              |
|    fps                  | 7            |
|    iterations           | 331          |
|    time_elapsed         | 21355        |
|    total_timesteps      | 169472       |
| train/                  |              |
|    approx_kl            | 0.0125958575 |
|    clip_fraction        | 0.149        |
|    clip_range           | 0.2          |
|    entropy_loss         | -3.57        |
|    explained_variance   | -18.2        |
|    learning_rate        | 0.0003       |
|    loss                 | 4.66e-08     |
|    n_updates            | 3300         |
|    policy_gradient_loss | -0.00254     |
|    std                  | 0.807        |
|    value_loss           | 2.56e-07     |
------------------------------------------
-----------------------------------------
| time/                   |             |
|    fps                  | 7           |
|    iterations           | 332         |
|    time_elapsed         | 21418       |
|    total_timesteps      | 169984      |
| train/                  |             |
|    approx_kl            | 0.006787813 |
|    clip_fraction        | 0.0703      |
|    clip_range           | 0.2         |
|    entropy_loss         | -3.57       |
|    explained_variance   | -122        |
|    learning_rate        | 0.0003      |
|    loss                 | 3.98e-08    |
|    n_updates            | 3310        |
|    policy_gradient_loss | -0.00285    |
|    std                  | 0.806       |
|    value_loss           | 1.04e-07    |
-----------------------------------------
------------------------------------------
| time/                   |              |
|    fps                  | 7            |
|    iterations           | 333          |
|    time_elapsed         | 21485        |
|    total_timesteps      | 170496       |
| train/                  |              |
|    approx_kl            | 0.0022212812 |
|    clip_fraction        | 0.0359       |
|    clip_range           | 0.2          |
|    entropy_loss         | -3.57        |
|    explained_variance   | nan          |
|    learning_rate        | 0.0003       |
|    loss                 | 8.41e-09     |
|    n_updates            | 3320         |
|    policy_gradient_loss | -0.00267     |
|    std                  | 0.807        |
|    value_loss           | 4.5e-08      |
------------------------------------------
-----------------------------------------
| time/                   |             |
|    fps                  | 7           |
|    iterations           | 334         |
|    time_elapsed         | 21551       |
|    total_timesteps      | 171008      |
| train/                  |             |
|    approx_kl            | 0.015746903 |
|    clip_fraction        | 0.118       |
|    clip_range           | 0.2         |
|    entropy_loss         | -3.57       |
|    explained_variance   | -161        |
|    learning_rate        | 0.0003      |
|    loss                 | -0.0229     |
|    n_updates            | 3330        |
|    policy_gradient_loss | -0.00162    |
|    std                  | 0.808       |
|    value_loss           | 4.29e-08    |
-----------------------------------------
-----------------------------------------
| time/                   |             |
|    fps                  | 7           |
|    iterations           | 335         |
|    time_elapsed         | 21617       |
|    total_timesteps      | 171520      |
| train/                  |             |
|    approx_kl            | 0.015419906 |
|    clip_fraction        | 0.138       |
|    clip_range           | 0.2         |
|    entropy_loss         | -3.58       |
|    explained_variance   | -267        |
|    learning_rate        | 0.0003      |
|    loss                 | 1.28e-08    |
|    n_updates            | 3340        |
|    policy_gradient_loss | -0.00383    |
|    std                  | 0.809       |
|    value_loss           | 9.34e-08    |
-----------------------------------------
-----------------------------------------
| time/                   |             |
|    fps                  | 7           |
|    iterations           | 336         |
|    time_elapsed         | 21682       |
|    total_timesteps      | 172032      |
| train/                  |             |
|    approx_kl            | 0.007091848 |
|    clip_fraction        | 0.107       |
|    clip_range           | 0.2         |
|    entropy_loss         | -3.58       |
|    explained_variance   | -64.1       |
|    learning_rate        | 0.0003      |
|    loss                 | -0.00247    |
|    n_updates            | 3350        |
|    policy_gradient_loss | -0.00155    |
|    std                  | 0.809       |
|    value_loss           | 6.86e-07    |
-----------------------------------------
-----------------------------------------
| time/                   |             |
|    fps                  | 7           |
|    iterations           | 337         |
|    time_elapsed         | 21747       |
|    total_timesteps      | 172544      |
| train/                  |             |
|    approx_kl            | 0.010528377 |
|    clip_fraction        | 0.0994      |
|    clip_range           | 0.2         |
|    entropy_loss         | -3.58       |
|    explained_variance   | -50.7       |
|    learning_rate        | 0.0003      |
|    loss                 | -0.0242     |
|    n_updates            | 3360        |
|    policy_gradient_loss | -0.00297    |
|    std                  | 0.809       |
|    value_loss           | 4.63e-06    |
-----------------------------------------
-----------------------------------------
| time/                   |             |
|    fps                  | 7           |
|    iterations           | 338         |
|    time_elapsed         | 21813       |
|    total_timesteps      | 173056      |
| train/                  |             |
|    approx_kl            | 0.004037757 |
|    clip_fraction        | 0.0781      |
|    clip_range           | 0.2         |
|    entropy_loss         | -3.58       |
|    explained_variance   | -101        |
|    learning_rate        | 0.0003      |
|    loss                 | 3.61e-06    |
|    n_updates            | 3370        |
|    policy_gradient_loss | -0.00245    |
|    std                  | 0.811       |
|    value_loss           | 1.4e-06     |
-----------------------------------------
-----------------------------------------
| time/                   |             |
|    fps                  | 7           |
|    iterations           | 339         |
|    time_elapsed         | 21878       |
|    total_timesteps      | 173568      |
| train/                  |             |
|    approx_kl            | 0.019546812 |
|    clip_fraction        | 0.109       |
|    clip_range           | 0.2         |
|    entropy_loss         | -3.58       |
|    explained_variance   | -225        |
|    learning_rate        | 0.0003      |
|    loss                 | -0.00022    |
|    n_updates            | 3380        |
|    policy_gradient_loss | -0.00124    |
|    std                  | 0.808       |
|    value_loss           | 4.79e-07    |
-----------------------------------------
-----------------------------------------
| time/                   |             |
|    fps                  | 7           |
|    iterations           | 340         |
|    time_elapsed         | 21943       |
|    total_timesteps      | 174080      |
| train/                  |             |
|    approx_kl            | 0.003659742 |
|    clip_fraction        | 0.0434      |
|    clip_range           | 0.2         |
|    entropy_loss         | -3.57       |
|    explained_variance   | -3.98       |
|    learning_rate        | 0.0003      |
|    loss                 | -0.0093     |
|    n_updates            | 3390        |
|    policy_gradient_loss | -0.00252    |
|    std                  | 0.805       |
|    value_loss           | 2.41e-06    |
-----------------------------------------
-----------------------------------------
| time/                   |             |
|    fps                  | 7           |
|    iterations           | 341         |
|    time_elapsed         | 22009       |
|    total_timesteps      | 174592      |
| train/                  |             |
|    approx_kl            | 0.004915611 |
|    clip_fraction        | 0.0525      |
|    clip_range           | 0.2         |
|    entropy_loss         | -3.56       |
|    explained_variance   | -0.112      |
|    learning_rate        | 0.0003      |
|    loss                 | 5.57e-05    |
|    n_updates            | 3400        |
|    policy_gradient_loss | -0.00354    |
|    std                  | 0.804       |
|    value_loss           | 9.85e-05    |
-----------------------------------------
-----------------------------------------
| time/                   |             |
|    fps                  | 7           |
|    iterations           | 342         |
|    time_elapsed         | 22075       |
|    total_timesteps      | 175104      |
| train/                  |             |
|    approx_kl            | 0.009460312 |
|    clip_fraction        | 0.103       |
|    clip_range           | 0.2         |
|    entropy_loss         | -3.56       |
|    explained_variance   | -31.9       |
|    learning_rate        | 0.0003      |
|    loss                 | -0.0243     |
|    n_updates            | 3410        |
|    policy_gradient_loss | -0.000881   |
|    std                  | 0.808       |
|    value_loss           | 1.52e-06    |
-----------------------------------------
-----------------------------------------
| time/                   |             |
|    fps                  | 7           |
|    iterations           | 343         |
|    time_elapsed         | 22140       |
|    total_timesteps      | 175616      |
| train/                  |             |
|    approx_kl            | 0.004754264 |
|    clip_fraction        | 0.09        |
|    clip_range           | 0.2         |
|    entropy_loss         | -3.57       |
|    explained_variance   | -55.8       |
|    learning_rate        | 0.0003      |
|    loss                 | -0.00519    |
|    n_updates            | 3420        |
|    policy_gradient_loss | -0.00352    |
|    std                  | 0.807       |
|    value_loss           | 1.25e-07    |
-----------------------------------------
-----------------------------------------
| time/                   |             |
|    fps                  | 7           |
|    iterations           | 344         |
|    time_elapsed         | 22205       |
|    total_timesteps      | 176128      |
| train/                  |             |
|    approx_kl            | 0.005381539 |
|    clip_fraction        | 0.0508      |
|    clip_range           | 0.2         |
|    entropy_loss         | -3.56       |
|    explained_variance   | -6.87       |
|    learning_rate        | 0.0003      |
|    loss                 | -0.0152     |
|    n_updates            | 3430        |
|    policy_gradient_loss | -0.00279    |
|    std                  | 0.805       |
|    value_loss           | 1.38e-07    |
-----------------------------------------
-----------------------------------------
| time/                   |             |
|    fps                  | 7           |
|    iterations           | 345         |
|    time_elapsed         | 22270       |
|    total_timesteps      | 176640      |
| train/                  |             |
|    approx_kl            | 0.006098378 |
|    clip_fraction        | 0.0426      |
|    clip_range           | 0.2         |
|    entropy_loss         | -3.56       |
|    explained_variance   | -5.12       |
|    learning_rate        | 0.0003      |
|    loss                 | 0.00193     |
|    n_updates            | 3440        |
|    policy_gradient_loss | -0.00375    |
|    std                  | 0.805       |
|    value_loss           | 3.61e-07    |
-----------------------------------------
-----------------------------------------
| time/                   |             |
|    fps                  | 7           |
|    iterations           | 346         |
|    time_elapsed         | 22335       |
|    total_timesteps      | 177152      |
| train/                  |             |
|    approx_kl            | 0.018463522 |
|    clip_fraction        | 0.0516      |
|    clip_range           | 0.2         |
|    entropy_loss         | -3.56       |
|    explained_variance   | -15.3       |
|    learning_rate        | 0.0003      |
|    loss                 | -0.0129     |
|    n_updates            | 3450        |
|    policy_gradient_loss | -0.00165    |
|    std                  | 0.804       |
|    value_loss           | 7.99e-07    |
-----------------------------------------
------------------------------------------
| time/                   |              |
|    fps                  | 7            |
|    iterations           | 347          |
|    time_elapsed         | 22400        |
|    total_timesteps      | 177664       |
| train/                  |              |
|    approx_kl            | 0.0053279246 |
|    clip_fraction        | 0.0689       |
|    clip_range           | 0.2          |
|    entropy_loss         | -3.56        |
|    explained_variance   | -14.4        |
|    learning_rate        | 0.0003       |
|    loss                 | -0.017       |
|    n_updates            | 3460         |
|    policy_gradient_loss | -0.00267     |
|    std                  | 0.804        |
|    value_loss           | 9.52e-08     |
------------------------------------------
-----------------------------------------
| time/                   |             |
|    fps                  | 7           |
|    iterations           | 348         |
|    time_elapsed         | 22464       |
|    total_timesteps      | 178176      |
| train/                  |             |
|    approx_kl            | 0.021670401 |
|    clip_fraction        | 0.0813      |
|    clip_range           | 0.2         |
|    entropy_loss         | -3.55       |
|    explained_variance   | -11.1       |
|    learning_rate        | 0.0003      |
|    loss                 | 0.0208      |
|    n_updates            | 3470        |
|    policy_gradient_loss | -0.000429   |
|    std                  | 0.802       |
|    value_loss           | 1.3e-05     |
-----------------------------------------
------------------------------------------
| time/                   |              |
|    fps                  | 7            |
|    iterations           | 349          |
|    time_elapsed         | 22528        |
|    total_timesteps      | 178688       |
| train/                  |              |
|    approx_kl            | 0.0033119612 |
|    clip_fraction        | 0.04         |
|    clip_range           | 0.2          |
|    entropy_loss         | -3.55        |
|    explained_variance   | -4.08        |
|    learning_rate        | 0.0003       |
|    loss                 | 0.00824      |
|    n_updates            | 3480         |
|    policy_gradient_loss | -0.000133    |
|    std                  | 0.804        |
|    value_loss           | 0.000505     |
------------------------------------------
-----------------------------------------
| time/                   |             |
|    fps                  | 7           |
|    iterations           | 350         |
|    time_elapsed         | 22593       |
|    total_timesteps      | 179200      |
| train/                  |             |
|    approx_kl            | 0.007849507 |
|    clip_fraction        | 0.0709      |
|    clip_range           | 0.2         |
|    entropy_loss         | -3.55       |
|    explained_variance   | -0.973      |
|    learning_rate        | 0.0003      |
|    loss                 | -0.00938    |
|    n_updates            | 3490        |
|    policy_gradient_loss | -0.00481    |
|    std                  | 0.801       |
|    value_loss           | 3.09e-06    |
-----------------------------------------
-----------------------------------------
| time/                   |             |
|    fps                  | 7           |
|    iterations           | 351         |
|    time_elapsed         | 22658       |
|    total_timesteps      | 179712      |
| train/                  |             |
|    approx_kl            | 0.004302569 |
|    clip_fraction        | 0.0605      |
|    clip_range           | 0.2         |
|    entropy_loss         | -3.55       |
|    explained_variance   | -1.5        |
|    learning_rate        | 0.0003      |
|    loss                 | 2.91e-11    |
|    n_updates            | 3500        |
|    policy_gradient_loss | 0.00132     |
|    std                  | 0.802       |
|    value_loss           | 4.28e-07    |
-----------------------------------------
-----------------------------------------
| time/                   |             |
|    fps                  | 7           |
|    iterations           | 352         |
|    time_elapsed         | 22722       |
|    total_timesteps      | 180224      |
| train/                  |             |
|    approx_kl            | 0.003866567 |
|    clip_fraction        | 0.0193      |
|    clip_range           | 0.2         |
|    entropy_loss         | -3.54       |
|    explained_variance   | -1.8        |
|    learning_rate        | 0.0003      |
|    loss                 | 3.24e-05    |
|    n_updates            | 3510        |
|    policy_gradient_loss | -0.002      |
|    std                  | 0.798       |
|    value_loss           | 2.36e-07    |
-----------------------------------------
-----------------------------------------
| time/                   |             |
|    fps                  | 7           |
|    iterations           | 353         |
|    time_elapsed         | 22787       |
|    total_timesteps      | 180736      |
| train/                  |             |
|    approx_kl            | 0.004576359 |
|    clip_fraction        | 0.0641      |
|    clip_range           | 0.2         |
|    entropy_loss         | -3.53       |
|    explained_variance   | -2.73       |
|    learning_rate        | 0.0003      |
|    loss                 | -0.0116     |
|    n_updates            | 3520        |
|    policy_gradient_loss | -0.000448   |
|    std                  | 0.795       |
|    value_loss           | 1.13e-07    |
-----------------------------------------
----------------------------------------
| time/                   |            |
|    fps                  | 7          |
|    iterations           | 354        |
|    time_elapsed         | 22852      |
|    total_timesteps      | 181248     |
| train/                  |            |
|    approx_kl            | 0.10425013 |
|    clip_fraction        | 0.0881     |
|    clip_range           | 0.2        |
|    entropy_loss         | -3.53      |
|    explained_variance   | -5.11      |
|    learning_rate        | 0.0003     |
|    loss                 | -0.000981  |
|    n_updates            | 3530       |
|    policy_gradient_loss | 0.00449    |
|    std                  | 0.798      |
|    value_loss           | 1.7e-07    |
----------------------------------------
------------------------------------------
| time/                   |              |
|    fps                  | 7            |
|    iterations           | 355          |
|    time_elapsed         | 22916        |
|    total_timesteps      | 181760       |
| train/                  |              |
|    approx_kl            | 0.0046316823 |
|    clip_fraction        | 0.0861       |
|    clip_range           | 0.2          |
|    entropy_loss         | -3.52        |
|    explained_variance   | -30.2        |
|    learning_rate        | 0.0003       |
|    loss                 | -0.00339     |
|    n_updates            | 3540         |
|    policy_gradient_loss | -0.00263     |
|    std                  | 0.793        |
|    value_loss           | 3.16e-07     |
------------------------------------------
------------------------------------------
| time/                   |              |
|    fps                  | 7            |
|    iterations           | 356          |
|    time_elapsed         | 22980        |
|    total_timesteps      | 182272       |
| train/                  |              |
|    approx_kl            | 0.0040716734 |
|    clip_fraction        | 0.0439       |
|    clip_range           | 0.2          |
|    entropy_loss         | -3.51        |
|    explained_variance   | -30.7        |
|    learning_rate        | 0.0003       |
|    loss                 | 0.0155       |
|    n_updates            | 3550         |
|    policy_gradient_loss | -0.00125     |
|    std                  | 0.793        |
|    value_loss           | 1.01e-07     |
------------------------------------------
----------------------------------------
| time/                   |            |
|    fps                  | 7          |
|    iterations           | 357        |
|    time_elapsed         | 23044      |
|    total_timesteps      | 182784     |
| train/                  |            |
|    approx_kl            | 0.00700408 |
|    clip_fraction        | 0.0838     |
|    clip_range           | 0.2        |
|    entropy_loss         | -3.52      |
|    explained_variance   | -23.4      |
|    learning_rate        | 0.0003     |
|    loss                 | 0.000776   |
|    n_updates            | 3560       |
|    policy_gradient_loss | -0.00345   |
|    std                  | 0.794      |
|    value_loss           | 8.83e-08   |
----------------------------------------
-----------------------------------------
| time/                   |             |
|    fps                  | 7           |
|    iterations           | 358         |
|    time_elapsed         | 23108       |
|    total_timesteps      | 183296      |
| train/                  |             |
|    approx_kl            | 0.009622372 |
|    clip_fraction        | 0.0727      |
|    clip_range           | 0.2         |
|    entropy_loss         | -3.52       |
|    explained_variance   | -18.5       |
|    learning_rate        | 0.0003      |
|    loss                 | 0.00165     |
|    n_updates            | 3570        |
|    policy_gradient_loss | -0.00492    |
|    std                  | 0.796       |
|    value_loss           | 7.92e-08    |
-----------------------------------------
-----------------------------------------
| time/                   |             |
|    fps                  | 7           |
|    iterations           | 359         |
|    time_elapsed         | 23174       |
|    total_timesteps      | 183808      |
| train/                  |             |
|    approx_kl            | 0.006300686 |
|    clip_fraction        | 0.0334      |
|    clip_range           | 0.2         |
|    entropy_loss         | -3.54       |
|    explained_variance   | -33         |
|    learning_rate        | 0.0003      |
|    loss                 | 0.0159      |
|    n_updates            | 3580        |
|    policy_gradient_loss | -0.00113    |
|    std                  | 0.8         |
|    value_loss           | 6.84e-08    |
-----------------------------------------
----------------------------------------
| time/                   |            |
|    fps                  | 7          |
|    iterations           | 360        |
|    time_elapsed         | 23238      |
|    total_timesteps      | 184320     |
| train/                  |            |
|    approx_kl            | 0.01023317 |
|    clip_fraction        | 0.0822     |
|    clip_range           | 0.2        |
|    entropy_loss         | -3.55      |
|    explained_variance   | -91.8      |
|    learning_rate        | 0.0003     |
|    loss                 | -0.00167   |
|    n_updates            | 3590       |
|    policy_gradient_loss | -0.00448   |
|    std                  | 0.801      |
|    value_loss           | 1.89e-07   |
----------------------------------------
------------------------------------------
| time/                   |              |
|    fps                  | 7            |
|    iterations           | 361          |
|    time_elapsed         | 23303        |
|    total_timesteps      | 184832       |
| train/                  |              |
|    approx_kl            | 0.0071958057 |
|    clip_fraction        | 0.0789       |
|    clip_range           | 0.2          |
|    entropy_loss         | -3.55        |
|    explained_variance   | -24.7        |
|    learning_rate        | 0.0003       |
|    loss                 | -0.0294      |
|    n_updates            | 3600         |
|    policy_gradient_loss | -0.00508     |
|    std                  | 0.8          |
|    value_loss           | 1.33e-08     |
------------------------------------------
----------------------------------------
| time/                   |            |
|    fps                  | 7          |
|    iterations           | 362        |
|    time_elapsed         | 23370      |
|    total_timesteps      | 185344     |
| train/                  |            |
|    approx_kl            | 0.00483027 |
|    clip_fraction        | 0.0549     |
|    clip_range           | 0.2        |
|    entropy_loss         | -3.55      |
|    explained_variance   | -204       |
|    learning_rate        | 0.0003     |
|    loss                 | -0.00859   |
|    n_updates            | 3610       |
|    policy_gradient_loss | -0.00223   |
|    std                  | 0.8        |
|    value_loss           | 1.09e-07   |
----------------------------------------
-----------------------------------------
| time/                   |             |
|    fps                  | 7           |
|    iterations           | 363         |
|    time_elapsed         | 23435       |
|    total_timesteps      | 185856      |
| train/                  |             |
|    approx_kl            | 0.005582081 |
|    clip_fraction        | 0.058       |
|    clip_range           | 0.2         |
|    entropy_loss         | -3.55       |
|    explained_variance   | -155        |
|    learning_rate        | 0.0003      |
|    loss                 | 7.28e-10    |
|    n_updates            | 3620        |
|    policy_gradient_loss | -0.00353    |
|    std                  | 0.801       |
|    value_loss           | 7.34e-08    |
-----------------------------------------
-----------------------------------------
| time/                   |             |
|    fps                  | 7           |
|    iterations           | 364         |
|    time_elapsed         | 23500       |
|    total_timesteps      | 186368      |
| train/                  |             |
|    approx_kl            | 0.002770947 |
|    clip_fraction        | 0.0441      |
|    clip_range           | 0.2         |
|    entropy_loss         | -3.55       |
|    explained_variance   | -363        |
|    learning_rate        | 0.0003      |
|    loss                 | -0.0263     |
|    n_updates            | 3630        |
|    policy_gradient_loss | -0.00292    |
|    std                  | 0.801       |
|    value_loss           | 1.84e-08    |
-----------------------------------------
------------------------------------------
| time/                   |              |
|    fps                  | 7            |
|    iterations           | 365          |
|    time_elapsed         | 23565        |
|    total_timesteps      | 186880       |
| train/                  |              |
|    approx_kl            | 0.0019520492 |
|    clip_fraction        | 0.00449      |
|    clip_range           | 0.2          |
|    entropy_loss         | -3.55        |
|    explained_variance   | nan          |
|    learning_rate        | 0.0003       |
|    loss                 | 2.91e-11     |
|    n_updates            | 3640         |
|    policy_gradient_loss | -0.00283     |
|    std                  | 0.801        |
|    value_loss           | 1.42e-08     |
------------------------------------------
------------------------------------------
| time/                   |              |
|    fps                  | 7            |
|    iterations           | 366          |
|    time_elapsed         | 23630        |
|    total_timesteps      | 187392       |
| train/                  |              |
|    approx_kl            | 0.0074744574 |
|    clip_fraction        | 0.113        |
|    clip_range           | 0.2          |
|    entropy_loss         | -3.55        |
|    explained_variance   | nan          |
|    learning_rate        | 0.0003       |
|    loss                 | 2.91e-11     |
|    n_updates            | 3650         |
|    policy_gradient_loss | -0.00256     |
|    std                  | 0.801        |
|    value_loss           | 8.51e-08     |
------------------------------------------
-----------------------------------------
| time/                   |             |
|    fps                  | 7           |
|    iterations           | 367         |
|    time_elapsed         | 23695       |
|    total_timesteps      | 187904      |
| train/                  |             |
|    approx_kl            | 0.002299699 |
|    clip_fraction        | 0.04        |
|    clip_range           | 0.2         |
|    entropy_loss         | -3.55       |
|    explained_variance   | -703        |
|    learning_rate        | 0.0003      |
|    loss                 | 1.82e-08    |
|    n_updates            | 3660        |
|    policy_gradient_loss | -0.00251    |
|    std                  | 0.8         |
|    value_loss           | 1.72e-07    |
-----------------------------------------
-----------------------------------------
| time/                   |             |
|    fps                  | 7           |
|    iterations           | 368         |
|    time_elapsed         | 23760       |
|    total_timesteps      | 188416      |
| train/                  |             |
|    approx_kl            | 0.007496656 |
|    clip_fraction        | 0.059       |
|    clip_range           | 0.2         |
|    entropy_loss         | -3.55       |
|    explained_variance   | -76.6       |
|    learning_rate        | 0.0003      |
|    loss                 | 4.66e-10    |
|    n_updates            | 3670        |
|    policy_gradient_loss | -0.00281    |
|    std                  | 0.8         |
|    value_loss           | 1.78e-08    |
-----------------------------------------
-----------------------------------------
| time/                   |             |
|    fps                  | 7           |
|    iterations           | 369         |
|    time_elapsed         | 23825       |
|    total_timesteps      | 188928      |
| train/                  |             |
|    approx_kl            | 0.008009463 |
|    clip_fraction        | 0.0254      |
|    clip_range           | 0.2         |
|    entropy_loss         | -3.55       |
|    explained_variance   | -984        |
|    learning_rate        | 0.0003      |
|    loss                 | 2.91e-09    |
|    n_updates            | 3680        |
|    policy_gradient_loss | -0.00258    |
|    std                  | 0.801       |
|    value_loss           | 6.45e-08    |
-----------------------------------------
------------------------------------------
| time/                   |              |
|    fps                  | 7            |
|    iterations           | 370          |
|    time_elapsed         | 23891        |
|    total_timesteps      | 189440       |
| train/                  |              |
|    approx_kl            | 0.0024300744 |
|    clip_fraction        | 0.0437       |
|    clip_range           | 0.2          |
|    entropy_loss         | -3.55        |
|    explained_variance   | -465         |
|    learning_rate        | 0.0003       |
|    loss                 | 2.98e-08     |
|    n_updates            | 3690         |
|    policy_gradient_loss | -0.00257     |
|    std                  | 0.801        |
|    value_loss           | 1.71e-07     |
------------------------------------------
-----------------------------------------
| time/                   |             |
|    fps                  | 7           |
|    iterations           | 371         |
|    time_elapsed         | 23957       |
|    total_timesteps      | 189952      |
| train/                  |             |
|    approx_kl            | 0.009956952 |
|    clip_fraction        | 0.125       |
|    clip_range           | 0.2         |
|    entropy_loss         | -3.55       |
|    explained_variance   | -438        |
|    learning_rate        | 0.0003      |
|    loss                 | 1.68e-08    |
|    n_updates            | 3700        |
|    policy_gradient_loss | -0.00275    |
|    std                  | 0.801       |
|    value_loss           | 1.09e-07    |
-----------------------------------------
------------------------------------------
| time/                   |              |
|    fps                  | 7            |
|    iterations           | 372          |
|    time_elapsed         | 24023        |
|    total_timesteps      | 190464       |
| train/                  |              |
|    approx_kl            | 0.0049765403 |
|    clip_fraction        | 0.0965       |
|    clip_range           | 0.2          |
|    entropy_loss         | -3.55        |
|    explained_variance   | -4.4e+03     |
|    learning_rate        | 0.0003       |
|    loss                 | 1.86e-09     |
|    n_updates            | 3710         |
|    policy_gradient_loss | -0.00277     |
|    std                  | 0.801        |
|    value_loss           | 3.18e-07     |
------------------------------------------
-----------------------------------------
| time/                   |             |
|    fps                  | 7           |
|    iterations           | 373         |
|    time_elapsed         | 24088       |
|    total_timesteps      | 190976      |
| train/                  |             |
|    approx_kl            | 0.002536804 |
|    clip_fraction        | 0.00879     |
|    clip_range           | 0.2         |
|    entropy_loss         | -3.55       |
|    explained_variance   | -4.05e+03   |
|    learning_rate        | 0.0003      |
|    loss                 | 0           |
|    n_updates            | 3720        |
|    policy_gradient_loss | -0.00281    |
|    std                  | 0.801       |
|    value_loss           | 2.53e-07    |
-----------------------------------------
-----------------------------------------
| time/                   |             |
|    fps                  | 7           |
|    iterations           | 374         |
|    time_elapsed         | 24153       |
|    total_timesteps      | 191488      |
| train/                  |             |
|    approx_kl            | 0.007841184 |
|    clip_fraction        | 0.0383      |
|    clip_range           | 0.2         |
|    entropy_loss         | -3.55       |
|    explained_variance   | -3.71e+03   |
|    learning_rate        | 0.0003      |
|    loss                 | 2.8e-08     |
|    n_updates            | 3730        |
|    policy_gradient_loss | -0.00255    |
|    std                  | 0.801       |
|    value_loss           | 2.46e-07    |
-----------------------------------------
------------------------------------------
| time/                   |              |
|    fps                  | 7            |
|    iterations           | 375          |
|    time_elapsed         | 24219        |
|    total_timesteps      | 192000       |
| train/                  |              |
|    approx_kl            | 0.0013530372 |
|    clip_fraction        | 0.00176      |
|    clip_range           | 0.2          |
|    entropy_loss         | -3.55        |
|    explained_variance   | -3.48e+03    |
|    learning_rate        | 0.0003       |
|    loss                 | 8.41e-09     |
|    n_updates            | 3740         |
|    policy_gradient_loss | -0.00278     |
|    std                  | 0.801        |
|    value_loss           | 1.91e-07     |
------------------------------------------
-----------------------------------------
| time/                   |             |
|    fps                  | 7           |
|    iterations           | 376         |
|    time_elapsed         | 24284       |
|    total_timesteps      | 192512      |
| train/                  |             |
|    approx_kl            | 0.015418405 |
|    clip_fraction        | 0.284       |
|    clip_range           | 0.2         |
|    entropy_loss         | -3.55       |
|    explained_variance   | -622        |
|    learning_rate        | 0.0003      |
|    loss                 | 4.66e-10    |
|    n_updates            | 3750        |
|    policy_gradient_loss | -0.00252    |
|    std                  | 0.803       |
|    value_loss           | 8.52e-08    |
-----------------------------------------
-----------------------------------------
| time/                   |             |
|    fps                  | 7           |
|    iterations           | 377         |
|    time_elapsed         | 24349       |
|    total_timesteps      | 193024      |
| train/                  |             |
|    approx_kl            | 0.028427394 |
|    clip_fraction        | 0.192       |
|    clip_range           | 0.2         |
|    entropy_loss         | -3.56       |
|    explained_variance   | -484        |
|    learning_rate        | 0.0003      |
|    loss                 | 4.19e-09    |
|    n_updates            | 3760        |
|    policy_gradient_loss | -0.00339    |
|    std                  | 0.803       |
|    value_loss           | 8.35e-08    |
-----------------------------------------
-----------------------------------------
| time/                   |             |
|    fps                  | 7           |
|    iterations           | 378         |
|    time_elapsed         | 24413       |
|    total_timesteps      | 193536      |
| train/                  |             |
|    approx_kl            | 0.005180274 |
|    clip_fraction        | 0.0863      |
|    clip_range           | 0.2         |
|    entropy_loss         | -3.56       |
|    explained_variance   | -94.4       |
|    learning_rate        | 0.0003      |
|    loss                 | 9.43e-09    |
|    n_updates            | 3770        |
|    policy_gradient_loss | -0.00127    |
|    std                  | 0.804       |
|    value_loss           | 8.5e-08     |
-----------------------------------------
-----------------------------------------
| time/                   |             |
|    fps                  | 7           |
|    iterations           | 379         |
|    time_elapsed         | 24478       |
|    total_timesteps      | 194048      |
| train/                  |             |
|    approx_kl            | 0.028583404 |
|    clip_fraction        | 0.14        |
|    clip_range           | 0.2         |
|    entropy_loss         | -3.57       |
|    explained_variance   | -919        |
|    learning_rate        | 0.0003      |
|    loss                 | 2.91e-09    |
|    n_updates            | 3780        |
|    policy_gradient_loss | -0.00125    |
|    std                  | 0.808       |
|    value_loss           | 7.74e-08    |
-----------------------------------------
------------------------------------------
| time/                   |              |
|    fps                  | 7            |
|    iterations           | 380          |
|    time_elapsed         | 24543        |
|    total_timesteps      | 194560       |
| train/                  |              |
|    approx_kl            | 0.0017162574 |
|    clip_fraction        | 0.00684      |
|    clip_range           | 0.2          |
|    entropy_loss         | -3.58        |
|    explained_variance   | -120         |
|    learning_rate        | 0.0003       |
|    loss                 | 2.62e-10     |
|    n_updates            | 3790         |
|    policy_gradient_loss | -0.00238     |
|    std                  | 0.81         |
|    value_loss           | 3.52e-08     |
------------------------------------------
----------------------------------------
| time/                   |            |
|    fps                  | 7          |
|    iterations           | 381        |
|    time_elapsed         | 24608      |
|    total_timesteps      | 195072     |
| train/                  |            |
|    approx_kl            | 0.00271709 |
|    clip_fraction        | 0.0699     |
|    clip_range           | 0.2        |
|    entropy_loss         | -3.58      |
|    explained_variance   | -246       |
|    learning_rate        | 0.0003     |
|    loss                 | 3.77e-08   |
|    n_updates            | 3800       |
|    policy_gradient_loss | -0.00272   |
|    std                  | 0.809      |
|    value_loss           | 6.89e-08   |
----------------------------------------
----------------------------------------
| time/                   |            |
|    fps                  | 7          |
|    iterations           | 382        |
|    time_elapsed         | 24673      |
|    total_timesteps      | 195584     |
| train/                  |            |
|    approx_kl            | 0.00219612 |
|    clip_fraction        | 0.0469     |
|    clip_range           | 0.2        |
|    entropy_loss         | -3.58      |
|    explained_variance   | -60.7      |
|    learning_rate        | 0.0003     |
|    loss                 | 0.00108    |
|    n_updates            | 3810       |
|    policy_gradient_loss | -0.000687  |
|    std                  | 0.809      |
|    value_loss           | 1.62e-07   |
----------------------------------------
---------------------------------------
| time/                   |           |
|    fps                  | 7         |
|    iterations           | 383       |
|    time_elapsed         | 24736     |
|    total_timesteps      | 196096    |
| train/                  |           |
|    approx_kl            | 0.0039476 |
|    clip_fraction        | 0.0936    |
|    clip_range           | 0.2       |
|    entropy_loss         | -3.58     |
|    explained_variance   | -555      |
|    learning_rate        | 0.0003    |
|    loss                 | -0.00128  |
|    n_updates            | 3820      |
|    policy_gradient_loss | -0.00138  |
|    std                  | 0.809     |
|    value_loss           | 3.89e-05  |
---------------------------------------
-----------------------------------------
| time/                   |             |
|    fps                  | 7           |
|    iterations           | 384         |
|    time_elapsed         | 24781       |
|    total_timesteps      | 196608      |
| train/                  |             |
|    approx_kl            | 0.003865703 |
|    clip_fraction        | 0.0369      |
|    clip_range           | 0.2         |
|    entropy_loss         | -3.58       |
|    explained_variance   | -3.36       |
|    learning_rate        | 0.0003      |
|    loss                 | -0.00667    |
|    n_updates            | 3830        |
|    policy_gradient_loss | -0.0028     |
|    std                  | 0.81        |
|    value_loss           | 4.5e-05     |
-----------------------------------------
------------------------------------------
| time/                   |              |
|    fps                  | 7            |
|    iterations           | 385          |
|    time_elapsed         | 24827        |
|    total_timesteps      | 197120       |
| train/                  |              |
|    approx_kl            | 0.0064369673 |
|    clip_fraction        | 0.0303       |
|    clip_range           | 0.2          |
|    entropy_loss         | -3.58        |
|    explained_variance   | -2.82        |
|    learning_rate        | 0.0003       |
|    loss                 | -0.0191      |
|    n_updates            | 3840         |
|    policy_gradient_loss | -0.000862    |
|    std                  | 0.809        |
|    value_loss           | 5.34e-07     |
------------------------------------------
-----------------------------------------
| time/                   |             |
|    fps                  | 7           |
|    iterations           | 386         |
|    time_elapsed         | 24868       |
|    total_timesteps      | 197632      |
| train/                  |             |
|    approx_kl            | 0.012031177 |
|    clip_fraction        | 0.0699      |
|    clip_range           | 0.2         |
|    entropy_loss         | -3.58       |
|    explained_variance   | -12         |
|    learning_rate        | 0.0003      |
|    loss                 | -0.0221     |
|    n_updates            | 3850        |
|    policy_gradient_loss | -0.000766   |
|    std                  | 0.806       |
|    value_loss           | 4.8e-07     |
-----------------------------------------
----------------------------------------
| time/                   |            |
|    fps                  | 7          |
|    iterations           | 387        |
|    time_elapsed         | 24901      |
|    total_timesteps      | 198144     |
| train/                  |            |
|    approx_kl            | 0.00360458 |
|    clip_fraction        | 0.0557     |
|    clip_range           | 0.2        |
|    entropy_loss         | -3.56      |
|    explained_variance   | -63.9      |
|    learning_rate        | 0.0003     |
|    loss                 | -0.0244    |
|    n_updates            | 3860       |
|    policy_gradient_loss | -0.00364   |
|    std                  | 0.804      |
|    value_loss           | 1.05e-06   |
----------------------------------------
----------------------------------------
| time/                   |            |
|    fps                  | 7          |
|    iterations           | 388        |
|    time_elapsed         | 24934      |
|    total_timesteps      | 198656     |
| train/                  |            |
|    approx_kl            | 0.00305632 |
|    clip_fraction        | 0.0293     |
|    clip_range           | 0.2        |
|    entropy_loss         | -3.56      |
|    explained_variance   | -14.4      |
|    learning_rate        | 0.0003     |
|    loss                 | 0.000813   |
|    n_updates            | 3870       |
|    policy_gradient_loss | -0.00066   |
|    std                  | 0.799      |
|    value_loss           | 1.53e-06   |
----------------------------------------
-----------------------------------------
| time/                   |             |
|    fps                  | 7           |
|    iterations           | 389         |
|    time_elapsed         | 24966       |
|    total_timesteps      | 199168      |
| train/                  |             |
|    approx_kl            | 0.006127046 |
|    clip_fraction        | 0.0531      |
|    clip_range           | 0.2         |
|    entropy_loss         | -3.53       |
|    explained_variance   | -74.8       |
|    learning_rate        | 0.0003      |
|    loss                 | -0.00228    |
|    n_updates            | 3880        |
|    policy_gradient_loss | -0.00384    |
|    std                  | 0.793       |
|    value_loss           | 1.91e-07    |
-----------------------------------------
------------------------------------------
| time/                   |              |
|    fps                  | 7            |
|    iterations           | 390          |
|    time_elapsed         | 24999        |
|    total_timesteps      | 199680       |
| train/                  |              |
|    approx_kl            | 0.0064996774 |
|    clip_fraction        | 0.0854       |
|    clip_range           | 0.2          |
|    entropy_loss         | -3.52        |
|    explained_variance   | -1.24e+03    |
|    learning_rate        | 0.0003       |
|    loss                 | 3.33e-05     |
|    n_updates            | 3890         |
|    policy_gradient_loss | -0.00648     |
|    std                  | 0.794        |
|    value_loss           | 4.88e-06     |
------------------------------------------
------------------------------------------
| time/                   |              |
|    fps                  | 7            |
|    iterations           | 391          |
|    time_elapsed         | 25031        |
|    total_timesteps      | 200192       |
| train/                  |              |
|    approx_kl            | 0.0051904893 |
|    clip_fraction        | 0.0301       |
|    clip_range           | 0.2          |
|    entropy_loss         | -3.53        |
|    explained_variance   | -43.3        |
|    learning_rate        | 0.0003       |
|    loss                 | 0.0193       |
|    n_updates            | 3900         |
|    policy_gradient_loss | -0.00229     |
|    std                  | 0.795        |
|    value_loss           | 5.99e-06     |
------------------------------------------
--- LEARN() COMPLETED SUCCESSFULLY ---
2026-03-11T03:06:58Z [356,626ms] [Warning] [omni.physx.plugin] Stiffness attribute is unsupported for articulation joints and will be ignored (/World/F1Tenth/Joints/Shock__Front_Left).
2026-03-11T03:06:58Z [356,626ms] [Warning] [omni.physx.plugin] Damping attribute is unsupported for articulation joints and will be ignored (/World/F1Tenth/Joints/Shock__Front_Left).
2026-03-11T03:06:58Z [356,642ms] [Warning] [omni.physx.plugin] Detected an articulation at /World/F1Tenth with more than 4 velocity iterations being added to a TGS scene.The related behavior changed recently, please consult the changelog. This warning will only print once.
2026-03-11T03:06:58Z [356,677ms] [Warning] [carb] Plugin interface for a client: omni.hydratexture.plugin was already released.
2026-03-11T03:06:59Z [357,311ms] [Warning] [omni.isaac.core.utils.rotations] omni.isaac.core.utils.rotations has been deprecated in favor of isaacsim.core.utils.rotations. Please update your code accordingly.
2026-03-11T03:07:00Z [358,358ms] [Warning] [omni.isaac.core.utils.types] omni.isaac.core.utils.types has been deprecated in favor of isaacsim.core.utils.types. Please update your code accordingly.
2026-03-11T03:07:00Z [359,127ms] [Warning] [carb] Client gpu.foundation.plugin has acquired [gpu::unstable::IMemoryBudgetManagerFactory v0.1] 100 times. Consider accessing this interface with carb::getCachedInterface() (Performance warning)
2026-03-11T10:03:15Z [25,334,078ms] [Warning] [carb] Plugin interface for a client: omni.hydratexture.plugin was already released.
[25334.194s] Simulation App Shutting Down
